반복점프,제자리멀리뛰기,왕복오래달리기
36,150,15
55,240,32
32,157,28
32,175,41
44,215,40
21,141,16
30,145,33
58,220,58
47,230,36
52,190,54
38,150,18
27,133,15
26,166,18
42,215,71
54,255,54
54,207,40
48,208,46
55,200,56
9,155,10
57,205,56
48,235,40
30,180,24
57,235,68
15,103,15
64,240,68
45,176,40
33,161,30
31,152,36
33,135,15
56,245,68
33,163,20
21,150,15
37,155,38
49,210,43
21,125,7
32,150,36
19,135,16
47,210,54
39,215,42
17,151,30
40,155,24
26,134,15
59,235,48
48,235,68
30,118,20
16,0.15,24
54,210,60
51,220,50
41,150,33
52,150,45
27,140,15
20,110,10
30,140,15
34,125,15
37,219,36
5,90,10
19,130,11
47,198,67
21,120,10
31,125,18
42,200,40
14,132,11
29,124,20
23,145,10
49,165,12
51,190,50
49,220,64
3,149,16
20,130,16
36,147,14
31,170,16
22,135,15
41,170,22
50,195,43
30,160,37
51,215,31
37,203,41
43,205,30
40,163,15
54,190,54
54,192,72
52,172,50
52,170,30
28,130,9
23,130,10
26,130,13
30,170,22
44,232,40
33,183,40
27,100,15
30,157,21
49,195,17
43,185,20
22,160,9
48,200,66
3,127,11
50,240,53
23,127,14
45,170,32
43,178,62
34,150,10
36,153,22
40,183,30
43,175,19
21,150,15
48,185,10
55,215,53
26,145,10
40,120,20
16,120,13
36,155,17
51,195,30
45,224,54
44,180,20
39,160,14
49,186,72
35,150,13
51,170,14
30,135,13
32,145,15
52,225,28
47,195,24
46,182,12
35,180,34
13,137,16
62,230,62
29,190,27
38,180,19
29,160,25
42,205,36
17,110,17
19,151,21
32,140,26
46,182,30
42,147,18
32,195,36
10,120,10
48,220,62
48,195,32
20,145,21
46,215,37
44,150,10
35,145,16
44,165,30
39,180,16
8,179,18
9,105,6
46,154,31
35,114,18
42,180,18
35,140,22
35,168,37
49,138,55
50,152,42
27,156,33
22,115,8
21,145,24
21,137,43
21,113,8
23,147,21
22,168,16
29,165,24
37,169,34
26,134,22
38,160,24
29,122,22
3,30,2
49,168,55
46,147,16
53,183,66
26,104,28
31,126,17
54,210,54
50,166,25
61,195,51
28,95,19
50,215,42
46,149,20
24,146,26
25,110,12
53,182,51
10,140,12
43,151,17
24,90,25
48,170,40
24,154,30
30,140,28
36,161,12
42,152,15
40,207,56
37,170,29
43,141,15
32,162,27
48,150,32
34,180,18
20,138,6
10,121,10
15,110,10
26,125,34
56,171,31
47,144,10
32,119,9
16,114,8
33,132,30
43,171,23
45,159,40
49,160,41
14,126,9
24,129,36
26,130,14
20,131,15
37,172,12
40,172,36
45,170,51
1,40,8
30,172,51
31,152,28
26,164,20
34,155,16
31,171,16
44,174,66
44,160,32
25,152,38
45,175,42
38,168,31
24,130,25
49,183,49
20,110,15
30,104,25
35,147,14
30,110,12
53,181,51
56,215,39
39,171,31
35,134,21
33,135,14
50,125,15
52,205,50
40,203,53
52,187,68
55,168,51
52,136,31
50,184,24
37,126,18
34,157,33
52,194,31
38,143,44
40,151,37
42,164,25
59,119,22
41,124,47
38,102,8
38,145,31
41,145,24
27,150,14
36,110,15
38,157,31
27,150,18
36,179,30
26,137,30
34,154,37
37,166,33
40,140,56
39,165,31
23,117,6
46,186,51
36,147,24
15,115,12
42,180,31
43,192,14
20,134,20
15,110,15
20,160,27
32,175,42
18,165,24
36,138,20
19,128,15
40,185,56
54,180,56
37,136,21
41,185,26
35,138,11
40,160,16
15,150,0
49,166,34
46,152,28
36,161,30
40,138,21
18,78,12
46,130,22
21,155,8
26,142,12
26,150,12
44,170,37
32,132,16
46,157,18
53,215,61
27,155,42
31,180,21
42,190,16
38,126,34
36,108,11
38,174,51
41,141,31
38,118,14
31,162,24
22,129,20
37,159,30
31,134,26
32,148,26
30,155,30
41,172,32
40,202,45
44,191,56
28,114,14
44,141,20
32,128,16
56,165,52
44,160,17
30,98,17
36,115,26
46,160,52
50,150,36
51,154,30
43,140,20
37,191,16
37,202,16
22,114,13
46,141,19
44,188,8
45,190,51
48,167,22
60,236,66
44,144,24
24,115,12
35,182,12
10,120,20
38,150,27
31,143,18
27,165,18
50,170,31
50,155,27
22,106,17
35,148,31
56,205,31
54,196,42
34,190,32
37,105,17
36,120,15
47,137,44
40,138,23
49,199,61
44,181,41
36,125,26
40,125,19
61,206,62
32,132,18
50,125,32
33,133,14
39,155,13
54,166,44
53,189,32
37,141,12
44,171,34
31,114,21
23,106,12
36,160,26
36,115,12
16,148,30
32,140,10
40,165,15
21,119,24
24,148,36
37,180,30
6,80,9
11,120,10
16,125,23
24,142,17
38,170,26
6,119,9
32,136,23
29,168,13
14,103,9
35,95,9
30,160,28
42,183,50
31,100,12
55,220,67
51,190,46
30,123,15
43,190,21
45,177,47
48,202,44
29,141,21
25,145,31
32,138,19
48,188,31
55,140,51
39,139,21
46,148,30
24,165,37
42,178,31
48,180,55
47,145,28
39,160,31
32,150,11
48,185,40
17,110,12
41,160,27
26,155,40
37,145,25
27,140,36
36,130,15
8,159,14
19,126,15
38,145,12
37,170,21
42,150,21
22,135,20
44,177,38
30,133,20
52,172,55
17,135,21
38,161,24
26,152,10
15,130,20
37,155,21
38,173,21
41,154,21
41,204,66
47,154,21
49,146,46
46,166,55
40,90,23
48,216,52
51,153,50
56,198,21
30,195,8
48,180,41
33,150,18
27,140,18
30,152,18
20,139,15
25,132,46
41,164,35
0,50,13
41,152,32
19,110,8
38,184,24
28,135,21
26,115,16
50,168,23
36,150,16
41,150,22
55,196,51
43,147,16
54,207,41
54,161,41
38,164,20
23,151,11
29,126,6
52,182,53
48,198,21
38,130,28
50,248,52
39,138,15
49,180,51
30,90,16
54,199,36
25,125,27
31,115,15
46,202,60
56,211,66
28,154,24
42,185,24
53,180,55
37,161,31
31,170,33
43,118,23
39,155,29
40,101,32
46,194,21
33,102,23
50,165,8
55,181,31
45,156,16
47,157,41
48,150,44
25,133,33
44,177,36
35,170,21
45,183,47
34,135,24
44,183,45
42,104,18
30,111,17
33,164,21
20,99,17
57,210,56
46,160,31
44,143,16
50,174,51
23,90,20
52,175,54
46,175,41
44,160,21
14,100,28
49,158,17
23,131,20
42,155,32
55,204,41
31,148,39
25,141,14
47,145,21
48,180,12
53,210,51
40,124,14
20,129,21
40,158,21
49,230,51
41,172,17
44,155,24
20,160,12
30,112,25
34,144,36
17,133,22
40,140,32
40,173,21
39,156,24
25,116,13
39,151,28
45,160,28
36,136,24
25,130,12
25,122,12
32,150,27
24,130,27
35,157,16
21,104,11
52,198,14
31,115,18
36,172,18
34,132,22
49,162,28
30,114,9
52,163,41
46,160,17
29,125,9
49,152,25
51,199,61
46,192,60
28,95,12
19,122,9
40,151,21
40,152,28
58,180,36
49,163,32
36,160,18
23,125,27
24,148,13
44,169,37
12,147,12
20,154,12
46,171,16
30,112,26
36,125,41
26,98,6
55,200,51
34,164,26
40,150,22
50,176,44
30,135,29
24,110,16
25,125,15
17,150,10
17,140,15
17,122,4
56,171,30
30,137,18
38,150,20
31,151,28
23,128,22
23,157,21
26,165,16
44,115,41
30,123,16
34,160,18
39,180,20
47,177,32
32,133,22
6,80,10
50,159,14
42,188,22
46,174,31
53,218,54
35,172,15
50,151,14
50,138,8
45,152,41
46,140,23
50,155,21
15,115,12
52,172,23
19,125,20
10,107,14
40,170,29
17,167,16
6,108,14
28,162,20
25,135,23
36,160,41
43,167,52
28,140,17
43,190,19
24,107,17
21,130,17
40,160,30
52,160,21
40,157,14
43,155,16
35,155,26
36,157,28
23,34,20
36,160,33
36,176,35
45,145,22
24,100,13
34,157,24
17,90,10
28,109,22
36,152,20
44,140,31
19,104,18
38,141,21
56,211,60
15,136,14
40,114,20
43,170,12
35,135,31
21,121,27
30,153,23
13,119,8
38,151,21
46,135,22
44,178,22
26,108,22
26,117,18
34,120,31
38,128,18
48,150,21
56,211,63
27,40,14
33,160,29
21,80,15
41,140,36
38,140,11
44,177,21
19,130,16
22,152,19
20,109,10
32,165,50
52,174,22
10,124,12
17,130,16
21,95,10
33,163,12
30,165,32
53,206,32
45,149,10
34,164,50
35,155,22
41,175,34
31,170,22
10,121,12
36,125,33
14,146,10
46,180,22
34,123,17
49,150,31
42,168,42
50,237,34
37,125,21
47,160,25
44,162,9
37,104,20
48,138,23
19,140,24
32,135,18
39,135,24
31,120,31
20,120,18
28,155,25
34,130,19
31,140,15
40,182,24
43,120,42
26,108,15
22,105,20
23,111,13
25,124,14
50,210,22
38,122,17
33,130,19
47,137,56
36,111,25
49,140,21
29,122,21
22,130,10
29,175,23
41,155,45
28,150,31
29,160,30
40,175,30
37,115,27
24,135,14
15,130,16
18,146,16
28,165,46
17,137,27
25,120,25
37,200,18
11,100,9
27,145,19
38,205,19
25,170,33
29,180,14
46,183,40
7,150,14
35,150,26
12,95,12
23,140,14
16,160,18
35,150,30
22,125,15
18,105,11
32,170,13
21,155,19
56,210,41
38,185,23
28,160,22
25,165,25
40,185,31
22,135,21
12,100,23
17,100,8
15,125,12
21,155,12
27,175,19
39,195,21
40,187,34
38,160,13
20,135,17
20,115,12
9,110,7
26,150,15
32,190,16
60,206,51
43,204,24
24,137,0
27,164,15
43,185,30
49,170,45
18,133,21
14,100,14
26,184,24
22,112,19
16,133,18
26,132,19
27,132,40
5,130,8
38,178,40
20,176,20
9,110,13
13,100,10
7,85,6
23,120,11
3,110,13
12,110,13
36,196,18
36,155,12
23,160,26
44,156,45
46,220,22
35,175,21
39,180,37
16,113,16
20,124,20
24,164,22
41,197,66
61,225,66
13,105,24
37,122,5
28,156,25
46,178,54
40,157,21
29,143,10
24,135,15
38,183,28
15,103,18
57,186,46
20,139,16
50,223,32
30,180,20
23,140,10
24,135,23
40,181,51
26,135,27
25,180,16
49,175,22
43,174,31
38,180,24
30,178,12
40,176,18
12,100,11
31,123,30
36,174,16
44,190,42
34,140,36
27,160,26
11,138,30
48,190,41
25,130,21
36,200,62
20,130,20
40,235,18
18,98,14
25,175,53
41,217,68
23,125,5
13,121,15
50,239,40
48,165,23
53,210,41
41,248,42
43,199,32
55,215,44
53,202,54
53,200,27
52,220,42
38,175,12
22,132,20
44,162,69
42,187,0
50,187,70
26,130,45
29,270,67
27,178,56
38,135,27
46,235,51
18,108,9
58,213,70
39,158,33
42,158,24
51,205,52
25,125,23
80,215,64
27,160,16
21,135,21
50,203,20
54,208,62
20,155,21
13,180,0
15,125,11
33,130,16
41,164,17
28,67,20
12,159,23
16,121,11
80,166,71
19,140,13
23,125,16
50,182,51
8,95,15
33,130,14
15,97,6
23,126,10
42,152,47
50,213,52
38,166,27
45,158,13
18,110,31
40,156,52
10,102,12
37,182,50
18,116,25
31,155,12
28,135,16
52,196,50
16,112,9
30,150,33
54,220,41
25,115,18
59,198,62
16,223,68
50,193,51
50,220,51
18,160,11
30,145,21
32,130,15
17,115,15
16,185,25
41,200,31
39,200,76
36,205,64
28,132,23
30,143,44
0,74,7
57,196,0
17,140,11
41,175,72
37,185,60
16,136,26
27,112,20
27,146,14
44,168,40
28,150,34
12,132,5
50,160,53
50,210,41
43,123,26
50,204,42
36,192,21
19,117,31
29,144,25
14,115,11
40,149,35
29,170,13
44,181,28
21,145,11
19,142,18
45,198,32
32,143,22
41,203,65
25,130,24
27,114,14
80,132,17
51,153,21
46,194,26
41,230,36
36,185,34
16,120,18
47,155,16
23,150,26
25,110,14
27,128,20
25,138,21
18,125,21
35,133,31
54,210,49
29,159,13
43,203,16
26,128,22
45,182,36
13,103,10
28,150,12
19,105,11
20,142,11
42,175,24
25,158,9
35,158,52
43,151,20
38,242,41
45,208,53
39,46,34
24,135,19
35,220,21
25,150,21
23,135,20
23,120,21
54,214,54
29,120,10
27,126,20
20,145,40
31,130,35
45,170,30
30,190,26
9,116,15
35,187,16
43,225,41
46,143,30
31,190,62
29,134,16
23,115,17
29,170,41
39,190,20
39,144,28
26,174,27
40,189,17
45,190,60
47,121,28
36,167,35
16,105,9
17,147,11
39,70,13
19,145,14
29,150,15
32,160,21
34,140,23
25,161,11
22,116,17
20,135,11
29,165,11
47,190,40
14,100,9
34,130,25
43,195,50
40,165,12
43,154,10
41,215,40
39,187,60
32,166,33
31,172,54
43,192,53
48,200,58
49,175,42
25,139,23
39,182,42
22,151,10
37,135,20
33,154,37
41,160,65
15,110,12
53,184,32
23,140,23
20,115,11
20,130,9
26,170,13
23,137,14
8,90,9
50,195,26
15,0,0
22,170,15
38,185,35
30,165,25
24,160,29
17,145,15
33,136,40
21,145,13
20,139,13
23,171,15
22,160,19
19,125,16
35,175,13
51,195,21
15,120,11
19,140,12
25,130,15
43,182,41
33,145,21
29,155,21
47,192,48
27,155,42
16,140,49
25,153,42
51,220,26
24,132,27
15,133,8
44,160,23
24,117,22
34,178,37
26,115,36
32,136,30
29,157,40
50,182,66
58,219,62
37,185,30
45,227,44
42,179,22
36,216,51
56,232,72
54,220,54
31,141,18
43,153,30
53,225,70
23,140,14
37,137,18
20,135,17
44,155,33
34,216,31
42,169,40
23,114,22
61,222,60
12,122,20
35,125,31
28,114,21
38,175,12
23,158,0
9,142,12
50,232,34
31,109,17
39,165,51
9,112,15
30,124,13
20,170,28
41,158,40
22,105,12
38,155,14
28,195,24
38,196,28
27,145,15
14,113,11
14,115,10
27,145,18
38,150,16
25,185,11
44,175,17
17,138,14
28,149,13
33,163,16
27,110,25
52,204,51
10,110,10
36,162,22
50,168,26
35,132,25
50,196,31
24,137,20
26,127,20
54,150,34
16,100,12
11,103,9
19,100,10
11,120,11
17,148,21
20,115,29
20,130,17
38,142,14
11,128,11
20,133,13
14,155,19
11,157,14
33,150,16
48,223,40
50,215,60
43,180,31
32,120,21
32,122,15
22,135,21
31,200,22
28,165,40
35,159,21
57,185,26
44,188,18
40,205,25
27,170,33
34,126,30
17,145,22
34,145,20
39,175,20
54,220,60
44,164,22
38,154,12
47,202,31
54,183,31
34,185,23
26,168,12
27,168,24
33,142,20
20,150,11
26,123,15
42,205,25
33,144,16
17,170,25
27,110,15
15,115,14
20,185,17
28,195,21
25,122,21
30,125,12
54,255,64
35,162,35
49,215,42
15,98,9
47,209,36
33,210,23
21,153,20
37,137,14
38,168,30
23,161,20
7,105,8
52,212,21
27,154,25
44,169,30
23,184,26
25,126,29
24,231,17
39,188,24
27,167,51
30,161,32
27,167,23
37,151,51
22,145,26
22,190,51
24,145,20
20,128,14
16,115,13
19,125,16
30,149,32
13,110,22
48,158,50
20,130,24
22,120,11
30,147,24
39,172,42
15,115,10
17,125,13
22,109,34
32,143,31
40,185,39
29,149,30
28,170,37
30,125,11
12,115,14
15,95,12
7,105,10
31,139,15
49,164,28
53,171,31
41,155,34
26,110,12
28,130,34
35,159,24
19,90,11
47,176,30
26,156,21
47,155,44
25,155,47
17,150,48
50,177,46
24,140,21
10,105,11
12,120,11
19,75,7
10,90,3
39,127,21
40,200,35
25,140,10
21,120,11
13,170,23
37,184,35
42,175,36
19,116,10
37,152,50
14,153,7
17,174,25
51,200,40
40,171,28
52,197,61
41,182,42
42,207,30
42,182,50
46,165,25
49,199,70
32,182,32
25,111,24
36,126,25
23,100,12
23,144,22
42,185,44
22,137,31
48,228,52
23,135,14
18,145,30
18,136,22
42,161,21
18,145,15
14,134,15
18,135,14
31,162,25
48,163,62
40,164,42
33,153,31
45,172,36
38,113,30
42,200,14
39,163,24
21,159,18
34,141,29
50,204,21
40,162,21
57,233,44
47,197,58
26,132,27
51,195,51
32,107,44
19,113,11
31,151,40
29,160,44
57,183,53
31,150,19
37,170,29
16,100,10
44,175,22
46,164,41
27,140,27
35,180,54
36,150,16
59,232,18
35,190,46
37,157,21
25,115,32
30,170,34
37,110,18
44,195,30
35,154,14
52,229,32
49,250,60
53,203,63
33,140,19
29,180,43
25,144,20
30,150,20
37,205,21
19,135,22
24,145,17
9,120,9
21,130,16
41,232,54
40,173,12
39,180,27
48,208,26
53,223,22
51,208,31
26,203,10
26,154,28
35,156,20
49,160,31
44,154,37
23,150,10
24,125,10
51,185,26
55,232,38
14,135,17
29,165,37
28,165,31
44,150,20
46,189,57
40,170,34
24,133,24
49,193,61
31,150,31
20,121,13
28,182,21
13,110,8
13,115,10
8,118,1
46,183,66
23,136,24
36,158,34
40,162,16
44,158,31
51,196,44
14,148,23
59,194,53
48,192,30
58,227,40
31,150,52
45,199,31
60,231,69
33,188,16
41,195,16
36,123,19
11,111,25
31,145,25
52,194,72
26,159,14
48,200,64
53,245,73
47,195,61
51,215,50
41,200,53
44,163,23
43,185,61
22,140,13
42,184,37
24,149,18
38,200,21
24,166,16
40,116,18
10,100,15
11,132,18
28,165,23
22,157,7
41,193,68
22,185,50
12,98,8
29,148,24
39,182,26
43,200,56
27,143,16
18,134,21
38,145,28
11,134,27
25,114,16
44,151,44
32,154,31
22,120,10
57,220,51
34,190,20
47,214,30
33,138,14
21,113,14
48,183,74
52,175,50
66,245,30
40,204,31
47,205,46
42,182,53
18,114,21
21,120,31
44,217,62
29,157,22
11,125,11
15,145,21
23,225,75
34,159,33
8,101,7
46,132,34
30,168,24
24,135,40
29,144,25
33,149,24
50,215,42
37,165,64
35,215,52
20,165,33
37,178,40
39,170,27
51,199,48
21,100,15
38,148,21
53,210,51
58,210,55
24,160,19
31,180,53
13,135,11
46,193,21
52,185,42
24,120,18
34,165,34
32,189,61
30,223,68
27,170,21
48,190,35
47,205,46
39,168,21
36,215,46
36,150,17
16,132,15
36,160,17
49,205,55
19,115,14
47,175,43
28,180,22
19,134,36
21,114,17
31,215,46
32,216,53
23,175,26
35,219,31
61,232,66
25,148,37
26,150,15
20,150,19
52,137,14
52,190,49
25,108,11
23,153,10
20,127,23
27,149,36
22,133,20
20,135,14
29,110,26
27,132,30
45,166,33
51,183,68
45,162,21
30,124,20
27,141,24
33,155,16
28,125,23
19,125,10
50,211,54
48,194,20
21,140,23
9,100,11
30,155,15
28,165,41
4,107,14
36,162,29
0,239,0
17,159,20
39,182,0
28,136,0
33,159,20
17,106,10
43,186,21
36,145,16
40,179,22
20,127,20
53,179,40
37,170,41
57,217,36
27,210,32
50,205,71
44,172,25
22,146,29
50,185,71
14,115,12
51,205,20
54,188,26
26,150,14
16,152,13
44,120,15
36,190,61
33,155,21
18,117,21
36,164,40
30,139,22
34,150,26
35,143,18
44,208,18
37,180,30
24,148,19
25,175,21
21,158,24
26,130,21
8,130,18
15,120,20
30,195,23
37,149,21
30,175,23
27,175,31
50,221,74
52,197,48
48,222,72
35,146,28
14,105,17
34,145,21
25,145,21
9,90,12
13,115,24
16,95,30
19,120,20
25,148,14
21,115,21
36,174,65
23,160,50
42,180,53
36,159,50
41,175,65
26,120,21
50,189,65
34,150,25
34,170,33
29,155,35
19,130,14
19,115,10
22,158,18
30,135,25
37,150,23
32,140,32
47,188,44
23,118,24
37,175,24
18,97,12
41,220,54
58,230,68
29,161,33
36,155,16
20,110,12
56,191,70
0,100,10
21,155,31
40,153,22
39,194,22
40,135,20
42,198,11
30,138,14
33,165,15
42,184,26
41,167,25
33,205,55
50,235,53
51,170,58
43,167,36
50,198,27
57,194,51
35,148,30
40,158,40
55,224,20
40,145,6
30,160,28
26,150,16
50,200,60
27,138,16
45,200,41
54,205,75
23,135,15
20,170,27
29,172,19
23,170,0
40,163,30
20,120,13
29,123,34
48,167,31
45,170,31
31,140,16
31,170,40
29,161,30
16,170,16
36,149,31
40,169,35
45,208,41
20,146,11
26,145,28
33,145,22
52,223,51
42,171,23
29,198,52
33,150,18
20,145,24
36,171,28
39,160,11
41,196,24
43,213,12
46,159,28
10,98,6
48,184,50
16,108,16
22,125,13
35,151,22
20,111,23
45,199,44
29,150,24
37,180,14
25,152,12
17,105,12
35,160,31
31,198,16
39,200,30
22,130,29
36,158,41
30,170,31
35,129,22
35,158,32
11,131,10
21,152,25
17,150,30
49,173,50
0,55,8
35,165,30
48,202,38
34,183,66
28,167,57
22,119,21
24,135,21
26,185,31
41,224,59
20,150,50
17,115,54
22,130,30
34,165,64
29,154,34
34,203,65
27,160,31
41,163,42
50,169,39
30,154,21
32,144,21
40,205,53
50,147,24
33,189,14
44,195,65
25,156,20
55,185,67
24,127,21
0,0,0
27,132,8
25,158,30
27,148,24
29,124,21
47,210,50
52,220,41
48,213,49
18,140,18
40,220,54
21,160,38
37,168,74
47,195,46
33,168,22
50,216,28
26,130,16
45,190,46
36,192,30
22,134,25
33,137,20
28,173,39
30,180,25
30,126,24
39,225,56
11,140,33
18,95,27
23,123,25
21,163,21
32,125,20
23,190,38
25,225,36
42,135,36
26,175,20
45,205,31
12,127,16
30,114,26
29,151,25
39,132,39
23,156,38
43,164,14
20,136,14
40,161,49
20,137,18
49,176,21
39,180,50
27,110,21
17,111,19
24,120,30
46,150,50
47,148,30
28,117,19
11,114,21
19,132,20
52,200,51
46,146,19
27,97,23
12,125,14
45,220,47
35,155,42
30,200,28
43,184,61
53,182,38
46,194,34
38,200,38
30,151,26
42,168,9
17,101,33
27,125,22
14,148,22
26,105,35
4,58,22
19,105,28
24,165,21
23,145,21
55,213,36
49,195,22
31,161,54
47,183,66
10,119,15
36,163,32
50,167,31
41,173,27
26,100,14
12,125,15
32,152,22
31,208,9
32,133,21
26,140,21
30,155,43
35,140,40
25,130,28
43,200,31
45,225,71
37,215,30
26,145,25
28,149,24
34,183,71
32,168,40
50,233,52
61,238,72
29,160,12
30,180,48
39,220,11
47,233,31
43,194,71
9,115,21
19,118,13
33,156,36
35,160,33
22,130,24
40,185,21
58,215,50
40,170,37
36,118,31
48,232,54
36,155,19
25,137,20
29,180,21
23,155,34
40,128,24
31,162,18
33,164,16
37,155,29
57,208,77
49,160,24
42,160,31
34,145,21
29,130,20
29,142,23
50,197,73
37,178,34
24,120,26
31,157,13
21,114,24
19,116,21
50,167,42
36,181,40
22,136,19
3,100,9
46,203,40
24,140,16
47,159,41
49,154,32
43,150,40
30,170,24
32,190,20
47,210,62
25,122,22
22,140,18
16,120,16
30,154,20
18,123,22
40,175,30
18,104,12
48,160,48
6,116,16
46,177,15
21,157,11
23,150,21
40,185,35
18,130,12
21,135,11
0,0,10
20,163,16
53,190,28
57,190,44
20,142,15
44,180,36
48,170,35
45,190,35
29,156,21
18,111,24
21,110,13
16,149,23
20,132,26
23,130,21
44,164,36
52,225,64
45,195,30
25,147,20
32,137,25
46,170,35
12,148,35
34,192,33
15,141,20
31,141,26
23,141,20
49,172,56
17,115,18
38,106,30
47,150,52
25,108,15
37,170,28
37,170,48
25,135,27
40,159,0
54,242,36
54,202,47
28,150,14
27,150,12
47,201,73
31,130,34
43,170,36
16,109,27
25,153,16
21,109,30
26,109,12
28,161,25
47,184,30
25,121,33
20,143,30
36,109,15
36,147,22
36,152,10
40,173,14
31,134,0
46,206,60
42,160,40
41,195,66
37,158,30
34,145,26
49,209,51
23,150,14
34,178,43
55,236,61
20,149,15
37,178,31
39,154,35
26,118,20
42,112,46
34,176,50
30,135,20
41,235,42
38,210,16
42,200,22
44,180,20
41,195,26
38,200,18
26,215,32
42,220,52
32,175,50
55,245,56
50,205,32
35,225,22
23,210,22
30,145,12
53,225,8
35,215,22
57,195,45
49,235,31
51,235,73
31,180,8
51,237,48
57,225,53
28,166,12
37,149,24
45,197,36
26,148,16
26,140,9
43,172,10
40,194,40
27,116,24
53,170,76
28,95,15
46,180,34
44,205,72
38,176,45
36,145,18
46,185,16
31,178,22
23,110,18
49,169,55
24,157,0
51,190,70
18,115,16
47,180,24
46,213,40
52,200,46
56,220,54
20,145,12
46,174,26
56,220,23
32,168,32
23,111,19
24,155,12
50,201,49
40,180,32
51,180,40
48,210,30
30,138,20
51,172,61
34,174,32
33,148,28
33,159,20
53,178,64
20,132,19
27,120,16
48,120,22
28,150,36
19,120,12
27,140,20
53,185,34
24,158,40
21,137,28
39,148,34
43,143,20
20,106,18
36,172,30
25,139,28
28,148,32
42,153,30
25,115,22
34,173,20
36,142,40
33,140,22
32,120,24
39,195,52
45,196,60
28,145,20
28,132,20
48,192,69
50,194,40
35,219,30
47,198,61
29,173,16
42,165,40
37,132,27
55,225,54
40,165,21
37,190,32
26,180,21
27,145,30
36,170,57
26,141,13
57,210,49
48,198,35
32,146,19
63,190,40
27,158,38
41,151,32
16,132,12
31,158,25
5,114,15
44,155,40
33,172,37
17,133,23
34,168,44
44,175,32
26,151,30
40,155,37
35,138,27
54,195,74
51,187,68
16,117,18
37,139,27
16,140,24
42,173,37
20,123,25
43,141,22
38,176,36
25,205,22
38,200,16
45,223,32
33,195,6
51,230,32
35,143,16
42,180,14
54,225,54
40,131,35
26,182,46
60,200,50
18,98,20
56,200,67
48,215,51
26,150,15
46,198,11
60,230,51
36,210,14
24,220,12
50,193,34
30,155,16
40,220,57
50,226,57
32,148,33
25,135,17
35,163,30
51,174,34
42,155,25
43,182,56
23,150,36
15,104,16
42,226,30
36,132,26
23,132,25
0,0,0
44,164,18
46,151,31
50,201,75
42,175,21
46,180,32
41,225,22
47,225,64
33,143,26
17,101,13
42,193,34
42,149,30
55,168,22
32,133,14
36,150,24
17,103,14
14,111,18
20,126,16
19,110,8
40,180,24
54,202,25
38,158,24
27,160,12
36,173,60
32,172,36
44,156,17
39,136,27
34,186,26
37,191,21
32,190,22
18,205,60
32,175,22
44,190,12
55,230,52
50,215,52
41,145,12
43,189,55
45,154,14
47,185,30
34,132,36
40,154,35
36,138,22
23,145,21
48,170,16
34,183,30
38,148,17
0,0,0
33,142,18
55,183,51
49,176,48
17,113,17
33,170,19
39,223,22
53,240,40
36,210,24
53,196,40
53,239,48
18,138,12
36,157,28
49,182,42
36,154,36
24,132,20
23,100,20
25,135,16
19,150,16
41,179,38
42,160,8
19,112,8
25,122,6
59,195,61
48,188,23
25,148,52
26,107,37
20,101,20
22,132,17
39,172,51
34,119,26
61,212,32
55,220,68
50,159,55
19,114,20
35,189,24
28,115,26
30,100,26
43,128,36
47,151,50
0,201,75
39,199,31
21,114,12
32,135,22
29,151,24
44,184,60
25,140,20
50,204,40
34,131,22
43,155,32
45,173,18
43,133,19
26,151,44
26,143,23
34,122,22
20,123,16
53,190,43
30,140,24
47,184,70
51,193,42
37,123,30
13,111,7
60,223,63
35,155,31
31,125,17
48,134,26
47,183,42
0,0,0
19,151,13
27,116,35
31,151,24
40,185,43
50,210,50
49,209,61
31,210,24
55,225,58
30,165,38
51,170,36
47,168,28
31,132,25
24,150,11
35,202,25
29,112,28
31,152,20
36,183,52
26,120,56
29,182,42
33,151,59
27,182,41
60,195,0
49,230,59
22,144,13
11,195,6
0,0,0
25,150,8
51,213,76
43,195,53
50,187,28
17,100,20
22,140,20
43,195,24
57,220,40
47,175,15
62,202,71
23,122,16
43,185,36
48,190,44
27,102,12
43,136,24
7,30,8
13,110,12
21,103,11
20,155,15
33,135,28
21,145,12
22,151,13
34,140,16
33,150,18
44,148,11
37,145,21
48,160,23
36,183,17
39,139,16
45,119,30
37,132,26
57,205,37
37,140,21
44,153,13
10,138,28
20,105,25
52,180,30
32,145,16
33,148,21
35,175,22
18,158,24
18,100,11
18,115,11
36,175,19
22,108,11
30,132,33
23,167,15
19,100,7
25,120,11
14,153,12
17,151,28
34,140,14
30,180,11
5,121,14
28,140,12
44,143,36
1,93,7
21,132,24
29,130,21
24,154,12
47,167,33
50,178,24
27,190,12
41,201,46
26,130,17
38,160,40
17,126,20
38,173,22
40,172,25
28,132,21
35,187,64
57,265,43
42,167,10
51,125,19
23,171,27
36,148,34
27,83,12
58,192,69
59,234,79
29,120,14
35,150,29
40,148,33
42,127,25
48,158,22
40,141,23
31,139,11
32,139,26
24,178,16
53,261,48
21,150,20
31,112,19
34,190,21
30,207,41
30,132,23
30,247,64
32,155,27
54,240,40
20,127,24
61,217,54
18,102,12
9,93,25
28,125,15
39,132,44
28,108,19
30,160,31
14,126,17
25,105,15
21,98,12
27,140,21
12,168,16
30,185,15
50,125,28
24,120,21
63,217,74
52,220,48
34,207,20
32,141,18
17,103,16
19,167,32
28,105,16
40,177,23
23,146,14
18,155,11
46,215,35
33,163,22
56,215,44
45,185,36
21,165,21
25,140,10
45,186,51
14,100,2
46,210,51
42,223,72
24,152,22
57,203,40
50,230,46
46,200,32
13,104,13
22,169,21
44,205,24
32,130,48
27,137,18
47,210,52
45,230,2
48,210,43
20,145,13
47,192,50
49,245,58
27,165,13
31,170,21
26,113,25
38,179,12
57,210,31
46,170,56
41,205,20
43,155,31
39,190,12
28,160,13
35,163,24
47,189,26
39,183,26
19,113,12
20,154,14
27,120,13
30,139,12
48,190,28
44,162,18
53,170,31
45,205,49
26,155,20
31,155,15
36,134,33
14,95,11
38,192,36
30,175,20
23,152,16
20,122,13
43,154,32
42,160,15
17,113,11
41,154,13
46,165,26
39,146,38
20,141,22
26,133,20
47,190,34
54,220,66
39,210,44
40,146,37
45,195,20
46,162,38
0,0,0
52,198,66
24,130,13
34,125,11
27,120,16
21,145,15
51,215,62
60,206,78
21,158,9
30,171,17
21,123,17
21,135,10
19,118,13
36,180,16
50,165,18
48,225,43
28,152,13
32,128,15
27,160,15
17,125,13
17,102,20
5,88,13
40,180,25
28,150,13
23,140,13
50,180,34
18,145,33
48,184,16
22,125,20
27,165,5
38,185,21
30,130,32
39,170,27
52,184,34
36,175,42
20,115,26
36,170,28
36,176,28
29,149,16
54,205,14
26,125,13
39,112,18
50,220,70
33,140,26
31,140,12
34,157,34
36,150,14
52,196,13
27,167,20
32,159,27
21,180,22
1,107,20
11,108,12
37,143,22
19,110,20
44,182,40
37,157,60
24,139,16
13,132,16
26,165,25
40,162,47
57,210,72
57,220,42
31,175,23
35,153,21
44,175,26
6,111,11
48,225,71
42,120,24
38,134,35
27,150,26
32,110,21
47,157,38
25,150,31
31,115,17
25,95,15
49,195,50
33,145,19
49,165,11
41,128,31
52,170,56
41,144,56
32,131,32
37,125,26
29,143,18
35,116,21
51,149,40
44,150,41
35,136,24
49,190,26
30,98,14
21,157,20
19,110,12
18,130,19
47,210,43
32,179,12
31,172,20
20,153,20
30,175,32
26,164,15
36,185,20
17,135,19
43,143,20
30,136,17
27,130,16
23,105,21
36,135,32
31,135,14
7,111,12
10,84,9
35,138,21
51,139,33
50,194,40
41,170,21
20,85,12
34,128,28
29,123,17
22,140,18
33,172,32
25,145,16
43,152,31
40,200,31
23,160,14
35,164,10
11,105,7
37,155,46
33,140,19
34,169,21
26,166,4
37,174,34
29,182,42
6,126,41
14,98,20
17,140,12
50,189,39
12,115,10
35,154,21
26,130,12
17,130,15
42,175,20
39,190,65
19,139,16
30,151,18
30,101,15
47,190,42
61,242,73
38,164,14
45,217,50
35,150,16
46,126,16
42,162,51
55,185,60
49,225,71
51,142,46
39,134,24
21,170,21
46,176,24
23,180,52
23,145,31
18,145,22
25,146,31
43,265,31
43,197,51
45,160,25
48,225,66
43,169,33
27,170,16
33,127,38
38,135,35
43,145,21
30,140,18
46,155,22
33,151,21
52,165,42
33,145,21
30,148,14
20,127,11
8,103,13
41,158,33
49,190,51
40,153,36
37,120,14
16,125,15
21,155,19
36,90,18
36,155,31
54,149,51
26,108,16
43,154,32
52,176,53
31,112,34
16,142,10
13,102,13
38,165,31
23,98,15
50,215,72
16,167,36
34,150,31
61,180,35
28,118,12
42,168,5
36,145,15
47,136,31
25,142,12
19,105,8
43,225,43
49,180,43
21,145,38
15,78,15
51,187,67
51,210,60
42,134,27
50,166,54
37,152,30
34,155,72
37,155,61
26,130,61
41,165,52
18,140,35
26,130,23
39,170,30
33,138,35
46,132,31
36,175,16
19,166,33
39,200,15
52,182,24
30,162,45
53,187,44
44,176,37
19,133,28
19,111,15
36,155,31
31,147,31
37,145,30
38,190,52
23,155,20
51,160,44
46,192,36
24,92,14
20,110,11
42,152,26
43,184,60
18,123,12
26,145,28
44,133,13
29,113,11
30,156,11
18,155,28
9,100,14
33,160,11
21,98,11
22,140,12
55,210,59
48,155,25
30,179,10
41,150,18
50,145,32
46,196,44
18,125,17
16,155,16
33,160,24
51,186,31
39,152,22
28,140,30
26,95,12
39,157,33
50,175,44
14,95,6
36,95,15
43,122,20
29,118,26
50,155,32
40,130,16
20,125,14
21,108,14
36,176,25
20,101,8
55,186,35
46,113,32
50,182,31
37,113,16
44,180,36
37,164,20
31,134,38
35,168,16
45,166,28
34,135,22
46,168,38
43,132,22
52,170,33
35,167,20
38,135,23
40,125,16
36,138,41
22,125,18
27,176,29
19,142,31
26,165,22
50,190,57
48,189,54
53,185,35
43,188,50
52,186,51
16,130,8
44,222,45
17,168,10
47,194,13
55,170,56
60,235,53
36,140,17
40,128,24
20,118,33
33,155,31
9,85,17
45,140,22
45,165,25
24,121,19
33,110,14
45,169,7
34,162,16
20,130,16
29,115,12
37,160,35
10,104,12
45,144,22
25,104,14
38,195,21
52,167,32
42,220,41
40,157,36
48,150,60
38,155,17
35,135,20
48,200,51
21,65,19
54,215,31
16,133,11
41,150,20
52,164,40
37,148,26
41,177,9
43,196,32
60,245,57
40,162,20
28,138,17
20,139,9
49,158,16
26,139,16
41,165,22
33,172,28
51,222,52
59,230,26
11,131,13
47,175,21
38,176,11
36,125,12
20,137,12
46,220,44
46,180,19
51,160,14
38,175,38
28,131,16
54,200,16
60,230,56
34,200,12
44,235,24
42,125,15
52,145,31
40,165,3
31,180,27
34,187,25
29,247,53
48,146,46
33,190,2
20,115,10
53,207,40
30,165,19
24,156,3
33,136,16
36,162,21
19,125,3
23,175,14
26,140,11
41,157,21
54,245,52
41,102,17
22,113,13
9,75,13
12,125,21
23,103,11
25,104,9
32,148,32
11,100,13
38,180,32
52,235,62
33,170,41
52,220,51
40,165,31
32,204,28
28,167,28
28,163,23
17,115,20
4,80,8
22,155,13
39,108,34
47,162,44
18,120,3
12,128,20
40,164,25
54,183,40
44,170,45
37,177,28
32,185,12
52,227,36
24,155,12
22,175,20
16,150,9
49,227,46
44,200,22
58,220,38
19,115,13
39,183,47
33,155,16
48,165,31
54,225,33
22,235,15
26,175,32
53,200,42
12,103,7
17,143,13
35,128,24
50,183,18
41,146,16
24,148,17
13,102,13
41,161,24
38,175,43
33,145,20
24,115,16
22,123,24
27,144,16
22,134,13
26,153,24
22,113,14
30,172,30
53,198,35
30,137,37
22,129,13
29,142,32
43,205,34
51,215,14
52,179,16
56,173,32
45,163,23
42,127,29
30,160,16
34,168,25
32,185,36
34,160,16
32,106,12
30,109,12
49,160,47
42,170,22
15,125,11
14,111,16
37,194,36
31,164,16
41,184,32
17,117,15
24,136,17
43,193,68
36,147,21
36,109,13
39,145,21
49,215,61
6,100,10
16,139,17
12,105,13
28,155,22
41,200,23
41,200,35
24,157,12
54,224,31
46,200,26
37,154,19
22,149,17
25,120,16
17,175,20
33,120,31
39,140,14
51,196,34
25,135,30
24,135,24
40,179,51
15,151,12
27,144,29
25,123,18
45,171,14
30,150,11
30,120,12
24,155,32
18,130,8
3,125,10
41,163,36
34,153,16
43,199,40
34,187,22
56,214,66
25,175,21
42,140,24
56,184,41
50,162,21
36,155,29
13,92,11
49,160,24
37,175,25
28,131,11
25,123,26
29,145,16
29,125,16
30,162,16
44,185,21
49,177,50
25,156,24
29,141,24
25,112,12
28,132,13
55,176,26
45,200,74
32,156,34
51,215,2
41,215,48
16,155,28
40,223,43
34,157,22
53,195,42
32,200,18
34,175,11
25,101,16
60,194,67
40,145,27
27,155,21
22,125,11
45,165,33
25,100,17
26,110,15
38,140,21
33,120,11
32,157,23
57,217,61
29,130,26
49,155,33
30,153,24
12,119,13
20,132,13
23,126,15
26,101,8
53,183,41
56,194,74
53,174,68
26,109,11
29,143,12
49,135,15
48,152,26
38,127,33
42,175,30
40,250,50
15,108,16
27,166,30
36,160,18
33,111,36
42,204,51
40,192,41
21,115,14
39,176,16
47,200,59
1,100,6
29,92,11
38,135,23
45,127,33
36,150,26
47,180,65
51,135,42
38,103,14
35,164,36
33,135,28
49,158,31
18,130,12
49,180,56
48,197,25
22,150,15
7,105,16
0,0,34
31,105,22
40,178,42
47,156,44
58,205,67
60,215,40
46,170,31
34,121,21
25,90,17
48,137,22
16,160,11
1,101,16
29,154,11
23,175,24
5,110,8
50,185,17
17,105,12
43,155,12
30,125,25
33,154,19
32,137,21
30,163,12
23,100,18
40,162,21
40,110,18
25,153,20
41,192,32
27,160,14
16,115,13
26,110,34
25,155,16
43,178,24
37,167,31
33,188,8
48,181,56
43,148,41
23,135,12
29,163,21
17,126,18
31,129,11
29,100,14
30,201,41
42,119,52
47,205,42
52,165,51
50,182,46
47,172,22
39,130,19
41,163,50
54,160,57
18,95,11
22,125,17
38,135,26
29,95,11
25,159,25
41,164,6
53,167,58
26,137,10
45,180,41
52,191,46
56,188,55
50,145,57
53,125,48
47,123,17
45,160,63
43,142,21
39,150,19
42,160,45
33,140,38
19,104,21
21,145,8
25,131,13
39,162,22
12,116,10
10,115,23
22,141,22
11,123,30
33,198,77
49,197,40
34,134,28
42,143,21
47,161,19
46,160,24
22,70,12
48,180,50
52,226,40
21,132,19
26,153,21
17,118,11
37,165,22
30,137,30
20,115,10
40,154,34
51,165,46
45,150,26
43,182,63
37,143,30
13,141,24
33,135,10
43,124,33
28,149,10
45,201,50
29,170,21
40,215,33
53,207,63
26,150,25
24,175,36
52,128,13
40,131,25
37,140,16
25,135,17
39,158,22
37,138,19
42,130,27
45,173,57
30,133,38
32,122,11
28,143,16
20,115,12
43,127,16
43,182,7
25,85,10
36,176,15
45,163,15
29,133,28
39,155,38
34,155,24
48,200,21
17,119,12
36,140,16
24,170,24
42,180,13
26,140,14
25,97,12
33,130,14
21,124,11
23,105,17
34,130,11
51,167,12
25,90,28
36,168,21
20,163,18
45,212,70
25,133,12
18,119,13
38,135,16
40,198,17
45,177,28
39,160,19
5,152,9
25,150,16
24,120,5
37,151,21
14,149,11
26,135,17
49,195,28
56,183,41
42,140,26
38,150,16
30,130,25
20,133,22
20,105,14
30,147,32
14,105,12
22,133,32
15,140,13
26,140,11
47,133,17
38,138,17
24,135,35
22,124,16
33,180,36
44,187,16
43,168,19
46,135,19
45,185,31
21,105,10
42,132,30
36,148,22
29,164,11
32,154,23
50,218,46
23,103,9
31,141,12
26,152,13
36,160,51
22,120,21
40,151,32
30,113,13
29,145,12
37,129,12
44,150,22
46,188,20
31,107,24
31,150,12
34,150,11
33,115,26
45,150,13
16,107,11
49,168,48
38,163,19
38,175,11
47,154,35
53,171,72
38,165,21
48,230,52
45,235,2
27,147,22
40,208,30
56,225,32
32,191,21
41,170,31
50,205,32
54,180,50
41,190,28
35,180,14
38,140,16
57,195,40
8,138,11
63,265,67
4,230,24
56,190,52
46,240,42
17,125,14
52,190,50
47,232,20
50,200,38
24,145,27
24,116,25
17,135,17
13,112,12
21,109,11
30,140,11
41,180,46
14,115,8
37,140,18
30,95,13
42,160,29
32,130,21
31,136,12
31,169,24
33,160,33
65,230,70
46,225,24
52,226,50
40,180,18
27,139,16
53,185,42
26,143,14
24,114,14
29,155,11
30,157,18
16,158,17
23,120,18
30,123,22
38,183,21
44,123,13
45,200,22
39,170,16
46,230,36
39,170,41
48,175,18
29,121,20
25,110,20
39,197,21
37,168,21
55,207,53
8,110,6
35,170,24
35,170,21
20,116,11
57,225,57
32,174,20
48,184,28
37,173,25
50,232,50
26,165,16
50,185,43
25,151,14
35,138,19
39,161,42
50,210,1
39,200,1
18,147,12
31,165,10
36,228,46
23,204,2
48,210,50
31,125,36
55,214,34
43,200,26
52,210,50
27,123,18
18,120,30
50,195,38
38,138,34
55,220,62
34,130,26
20,140,15
17,150,44
42,220,43
38,215,2
50,195,26
50,204,24
47,220,2
48,192,10
48,196,43
30,195,12
35,155,12
38,180,43
46,157,42
40,170,14
20,150,18
49,215,78
34,162,24
25,147,16
20,175,20
27,155,30
35,185,40
28,162,14
57,215,29
29,161,2
54,205,57
24,185,43
21,190,24
40,190,50
63,254,70
31,145,27
42,180,36
37,173,24
46,192,65
46,183,51
24,110,25
37,151,22
41,160,42
50,215,34
35,117,20
47,142,31
24,115,15
31,144,18
43,243,44
20,166,26
41,210,35
45,200,31
14,165,14
52,236,26
21,120,11
20,117,16
50,245,76
54,205,5
13,117,12
20,134,32
26,155,11
17,120,11
59,200,36
23,106,21
30,120,16
40,222,2
37,177,22
26,142,25
36,135,29
23,125,21
40,161,31
35,160,26
46,196,48
39,199,43
39,144,33
38,186,17
25,136,19
47,177,54
28,218,41
20,105,13
18,139,20
39,167,56
32,175,21
43,170,33
48,200,33
27,175,24
10,110,6
34,165,24
36,165,25
19,175,32
40,181,26
55,215,54
42,240,57
45,225,2
25,140,14
31,163,16
44,180,36
58,232,57
32,161,19
50,186,42
48,200,46
58,225,69
24,158,26
25,145,27
31,152,28
50,212,51
26,140,38
22,140,13
51,178,33
36,142,25
41,144,20
49,195,42
39,172,19
31,184,29
53,200,41
39,250,52
33,141,27
30,156,14
43,147,32
45,155,17
60,198,51
44,146,25
28,157,37
52,180,33
40,188,30
18,148,21
38,135,27
49,198,44
40,154,25
48,201,55
33,148,24
50,183,60
45,181,42
53,216,62
34,158,23
41,168,31
21,150,22
56,246,41
22,114,24
26,146,17
34,143,22
37,178,29
49,190,27
47,186,23
30,143,22
35,129,25
27,172,38
30,153,12
50,179,51
40,212,28
32,115,17
54,173,60
55,193,51
33,168,46
22,158,22
38,154,22
35,149,15
62,214,71
58,198,60
49,228,53
30,149,29
44,215,65
31,145,21
41,147,29
51,202,42
65,242,67
43,203,51
29,146,17
43,150,21
31,136,17
35,153,21
35,161,17
27,165,23
27,159,23
52,171,69
49,239,30
28,138,16
50,183,31
31,126,14
37,184,28
21,144,19
34,135,21
23,117,18
17,127,16
25,124,21
40,161,50
52,215,41
53,192,56
32,171,16
20,120,11
11,105,15
32,111,24
29,180,24
12,135,22
59,227,78
21,144,29
53,174,44
36,148,17
41,127,24
50,235,34
61,225,42
48,215,65
18,120,13
46,195,44
18,110,11
46,213,74
23,157,28
26,160,35
24,130,18
57,230,72
40,180,34
48,203,35
26,115,16
35,125,18
27,127,17
21,135,18
30,254,46
43,210,49
36,142,35
21,165,24
52,235,41
27,188,67
19,135,20
39,215,49
30,170,21
31,155,26
19,165,16
52,185,2
47,232,30
32,195,16
14,170,8
53,194,24
35,145,22
34,170,20
38,168,30
45,168,43
18,102,16
49,242,35
22,159,26
30,159,21
28,148,14
40,175,8
47,210,36
16,122,25
21,196,48
51,192,75
24,130,14
51,228,51
45,239,64
30,155,23
60,236,50
23,145,34
28,137,14
38,164,51
22,157,35
48,172,22
50,183,29
31,180,38
42,153,30
35,144,42
45,186,30
50,205,22
21,116,12
52,230,54
34,155,14
29,120,28
38,138,40
37,138,22
34,138,23
32,145,16
42,208,47
28,126,35
54,185,61
26,90,20
51,184,45
40,206,30
32,125,18
41,152,40
31,175,12
27,185,2
54,200,70
60,210,70
30,180,44
31,170,20
37,180,37
18,114,18
26,130,35
24,130,20
23,160,30
34,198,36
41,223,62
22,150,18
30,160,18
56,223,52
26,130,18
26,167,36
44,218,64
30,149,13
25,150,19
36,122,25
30,162,31
48,145,26
36,175,40
45,155,46
30,170,19
47,200,54
31,142,21
44,180,56
43,189,54
16,153,16
51,265,78
47,213,61
30,155,20
22,152,20
21,120,33
37,164,24
23,155,20
28,173,14
20,210,74
16,130,20
27,155,20
33,145,20
43,162,36
55,181,42
47,129,54
33,175,53
58,195,40
42,169,34
16,105,2
34,70,18
53,200,69
30,155,36
47,165,38
29,144,18
32,157,21
38,180,7
57,190,36
37,190,14
47,240,52
32,150,25
32,95,11
40,160,40
25,173,19
26,140,11
40,175,12
29,151,32
30,132,21
35,160,36
41,168,40
16,127,36
34,173,16
43,165,56
34,240,56
30,180,14
52,230,66
39,119,11
38,140,21
48,172,61
46,187,33
43,130,41
35,130,17
48,210,1
32,152,32
38,180,5
21,130,17
31,140,31
24,133,16
53,198,2
37,144,21
32,160,30
27,184,24
46,172,24
19,140,19
46,190,50
28,132,28
48,169,55
38,159,29
33,200,22
43,179,64
42,138,27
22,120,13
39,160,43
50,210,39
22,130,22
52,237,52
49,205,51
35,115,21
26,150,23
56,245,22
26,140,15
21,100,20
49,225,45
30,150,20
23,176,16
30,144,16
30,153,42
29,145,9
18,166,35
43,219,35
44,159,33
47,175,36
52,190,24
49,217,51
9,135,12
40,222,62
15,156,14
15,121,14
39,148,31
38,160,26
29,109,41
36,197,34
54,220,61
27,135,16
61,213,22
11,130,4
47,165,32
31,170,25
32,170,52
22,150,34
58,180,30
56,210,54
46,190,38
34,140,12
32,117,18
52,190,61
34,162,21
23,142,19
25,133,15
30,150,15
12,115,14
27,185,26
30,220,57
41,195,32
32,170,40
29,150,10
14,145,16
32,150,31
24,120,17
49,162,27
43,145,20
43,158,25
25,135,22
40,112,41
14,140,12
48,190,31
50,185,22
58,190,52
53,223,32
50,234,52
27,141,11
30,172,26
35,155,17
52,260,2
45,210,69
22,145,11
48,180,16
40,162,26
28,98,17
39,110,21
26,131,23
35,157,26
37,155,25
14,110,8
50,210,61
63,225,62
24,175,10
52,195,51
37,210,2
38,190,45
44,220,34
27,145,8
48,190,34
33,155,20
54,210,42
21,133,33
34,174,57
49,228,64
22,136,24
13,113,12
23,161,31
49,207,41
34,220,61
62,220,60
40,161,26
8,118,9
61,260,71
23,116,14
42,214,53
32,145,27
44,202,37
23,178,22
39,204,56
8,113,14
17,128,10
35,173,31
50,229,41
29,182,17
26,170,41
50,263,70
33,174,20
33,118,18
52,162,43
23,173,25
53,239,62
8,125,14
49,198,40
46,190,31
46,187,55
18,129,33
48,170,57
42,210,48
10,95,11
26,157,16
35,170,52
46,217,61
39,113,31
23,154,17
48,212,31
49,191,31
46,206,40
18,119,13
23,153,16
31,182,30
25,185,30
37,160,32
35,200,69
11,114,10
35,168,59
53,225,61
14,121,22
28,167,13
38,180,25
15,132,25
12,100,22
33,152,21
50,195,25
7,118,24
3,105,23
53,222,45
51,205,50
41,159,31
48,185,50
37,198,31
42,213,28
19,123,25
29,187,42
54,170,21
50,190,73
13,125,17
26,123,21
51,227,42
55,252,74
33,165,43
28,184,39
12,128,26
27,150,30
20,160,30
26,163,15
15,112,11
57,250,26
22,127,13
32,126,16
46,209,41
26,175,41
42,246,36
18,154,13
50,223,34
50,235,45
54,202,27
51,213,43
47,188,73
28,190,22
53,188,42
28,117,21
46,196,60
43,150,21
58,212,72
46,244,77
50,145,26
45,166,24
40,195,70
19,165,31
45,170,17
44,240,50
24,223,50
54,237,34
59,256,58
59,223,56
31,160,15
25,147,50
14,163,10
20,121,32
22,160,18
30,160,26
22,155,28
29,167,45
44,217,22
28,143,22
42,200,61
62,225,70
14,113,23
20,130,16
61,246,60
7,111,12
46,210,54
40,190,32
50,207,26
38,182,23
56,230,59
35,166,28
9,125,21
9,95,10
32,170,35
23,131,13
37,163,20
52,231,75
41,225,53
10,120,34
21,160,35
33,162,23
14,104,14
46,221,67
9,93,10
23,155,39
49,234,61
35,200,30
28,157,20
36,170,45
24,149,22
51,238,50
30,184,30
0,0,0
30,192,36
43,212,50
46,217,31
18,123,15
43,200,41
61,252,42
45,242,42
38,223,50
18,182,32
25,104,18
32,150,19
45,210,47
30,218,36
57,195,30
47,176,30
60,227,74
23,135,28
18,177,2
17,153,15
30,125,18
48,220,73
42,200,31
6,95,20
41,146,30
20,110,3
25,109,17
25,105,25
22,112,10
48,215,42
42,153,13
18,173,22
42,162,31
20,110,17
12,143,31
27,163,17
40,190,30
18,137,19
50,203,39
58,230,55
29,187,20
29,127,25
27,120,23
25,139,20
25,135,15
51,205,41
22,149,38
5,105,22
19,153,26
40,210,50
16,151,34
30,175,42
31,185,40
15,150,21
17,132,16
15,169,45
38,189,30
52,225,70
64,285,75
54,235,72
16,105,28
24,160,20
57,205,75
28,122,12
54,205,32
17,120,33
34,203,50
16,110,20
40,180,43
51,258,51
52,213,75
20,90,31
26,151,38
19,155,27
57,220,60
33,207,51
48,235,70
52,195,39
50,219,41
47,220,36
71,156,13
46,190,43
54,204,55
20,113,15
39,167,43
13,121,15
57,230,41
36,110,23
25,126,15
19,140,21
55,194,52
20,123,13
20,123,15
53,206,41
61,235,56
46,203,41
43,238,44
59,215,70
41,230,37
24,160,22
58,290,12
58,235,23
43,155,31
8,85,13
61,228,62
15,155,16
43,202,21
40,182,62
23,147,23
40,161,32
49,234,62
51,192,24
38,228,66
26,123,17
41,180,55
24,114,17
55,192,20
50,220,26
44,240,68
39,168,15
8,122,10
49,243,36
47,221,21
47,210,41
50,204,70
59,262,62
37,185,40
18,115,16
43,182,72
40,187,20
18,139,23
49,203,74
2,80,6
32,144,47
18,117,52
20,100,14
59,235,59
43,225,41
8,116,11
57,212,70
24,126,15
40,180,30
48,203,70
16,95,10
37,153,22
37,183,39
31,175,25
24,95,10
35,167,32
24,150,31
18,154,51
21,118,14
30,162,46
25,162,27
26,154,26
22,100,9
40,200,26
55,250,44
60,232,52
33,215,36
50,210,24
42,203,41
47,200,20
20,118,24
17,162,31
12,110,9
24,160,18
29,140,24
19,140,23
50,240,39
43,178,27
57,228,50
56,242,62
27,154,17
26,122,22
44,227,70
46,210,28
32,137,24
50,181,25
41,176,41
29,165,30
25,163,27
30,175,31
64,243,51
51,196,25
40,211,56
20,135,14
18,114,9
18,114,11
15,122,11
18,160,30
14,148,8
46,205,38
20,140,22
41,191,35
44,179,24
27,137,12
42,182,30
24,111,17
50,185,46
52,219,72
15,155,20
30,199,51
56,203,45
55,234,74
42,172,45
28,157,34
33,180,11
43,144,47
12,135,20
35,147,20
18,134,24
20,145,24
20,155,38
35,157,37
21,135,26
46,165,50
15,124,23
24,160,24
46,184,40
16,110,24
13,114,33
15,140,35
15,125,18
47,206,76
14,135,43
27,200,41
26,163,52
47,210,15
29,190,31
55,215,50
58,222,61
58,225,46
27,177,55
16,160,25
27,130,50
33,175,31
28,170,50
51,200,73
23,103,30
24,163,29
19,122,18
53,215,51
39,175,50
18,127,31
52,242,32
48,200,25
20,117,17
33,153,21
23,160,35
38,160,51
28,160,28
50,212,61
40,158,21
13,125,17
32,155,30
48,197,44
30,176,51
51,192,24
44,200,31
29,163,18
26,150,23
49,200,64
24,207,36
31,132,12
5,90,15
19,155,24
44,200,34
54,203,71
58,190,70
26,155,20
23,121,16
16,103,10
43,204,25
22,170,28
21,135,29
22,130,60
25,150,45
48,236,51
26,172,21
50,200,31
42,238,73
4,127,13
19,113,33
16,102,15
22,142,33
25,150,31
52,215,71
57,238,52
37,208,0
33,182,20
50,189,52
53,236,61
46,185,64
36,181,43
15,144,24
20,113,23
25,148,24
17,144,23
25,141,33
18,161,27
12,164,16
11,130,19
5,93,10
63,251,38
31,170,17
60,246,71
51,258,56
20,157,23
48,250,11
17,90,11
60,234,75
60,215,41
24,139,17
42,170,51
39,215,56
1,53,41
32,155,24
35,186,15
14,115,10
34,158,17
25,204,23
4,177,41
10,122,24
41,194,35
47,215,52
32,204,15
19,100,13
30,147,11
48,260,47
38,200,42
26,130,16
15,159,13
35,192,33
37,178,24
39,153,22
52,174,20
32,205,56
25,143,10
5,55,8
26,164,20
18,120,15
40,235,54
29,152,62
39,204,71
22,125,45
10,100,8
16,120,19
58,200,50
14,100,15
36,180,30
46,243,42
44,185,30
37,230,21
25,107,16
42,213,38
33,165,22
30,115,15
41,214,31
16,197,2
15,130,18
14,178,28
25,149,37
51,217,63
45,228,56
20,148,35
38,167,35
49,182,63
50,215,40
47,197,71
53,197,32
20,136,12
41,218,51
59,265,74
25,145,19
23,158,12
16,125,12
24,122,12
24,114,13
21,195,24
26,160,11
57,240,21
36,175,25
47,178,31
58,205,71
32,176,0
56,248,51
60,222,60
60,227,72
11,110,23
49,180,40
23,185,43
18,105,35
42,189,24
23,136,13
19,147,11
32,105,13
13,112,15
47,178,32
61,217,52
43,200,32
53,223,72
26,137,31
37,210,54
24,215,42
15,117,23
54,190,51
22,194,30
25,140,33
15,131,12
39,165,16
31,143,20
15,152,23
19,130,10
27,152,16
23,128,10
56,222,35
50,214,28
63,242,59
60,190,26
47,162,51
46,230,59
30,145,24
28,126,9
44,223,31
47,198,56
24,154,18
10,124,15
33,190,27
43,198,31
54,190,38
56,223,51
39,173,27
45,215,62
19,123,8
17,133,11
18,122,12
20,110,8
17,125,14
24,167,24
23,115,9
20,146,7
29,173,9
27,142,7
20,140,14
10,97,7
23,155,21
35,123,7
20,94,7
51,170,35
15,118,7
41,136,11
12,136,17
18,114,7
19,180,27
20,200,49
40,160,0
30,198,40
23,109,13
23,161,11
22,131,15
28,180,21
34,165,38
37,150,21
52,220,41
26,160,15
30,100,24
14,125,13
3,95,9
36,204,25
45,205,33
27,150,10
31,160,10
27,185,51
22,168,18
32,170,15
50,210,27
53,230,57
28,162,11
20,113,9
34,148,51
37,180,40
23,145,28
6,100,20
29,165,37
40,185,27
21,150,12
48,195,37
30,150,17
16,132,20
43,215,20
19,120,11
47,220,31
33,152,11
18,123,27
42,205,51
33,169,28
16,137,14
30,175,22
45,180,43
34,165,22
34,188,27
36,168,46
28,163,46
31,149,36
15,131,35
33,145,34
19,116,33
20,140,23
17,95,15
29,147,10
36,187,32
57,273,72
62,225,73
46,202,43
17,145,18
46,155,31
22,146,23
51,210,22
41,166,35
27,168,34
32,180,33
13,134,22
54,242,54
35,180,38
34,173,18
26,167,20
19,139,17
48,229,42
30,178,41
35,159,45
25,145,40
39,255,68
45,180,21
38,175,31
61,240,76
41,183,33
40,220,60
40,205,40
43,230,61
36,180,41
27,114,44
21,173,29
28,171,40
56,208,60
52,196,41
30,140,16
50,199,58
56,254,60
29,194,34
15,115,15
23,107,27
24,135,12
50,215,50
17,169,19
36,140,23
38,184,21
14,134,17
39,208,40
34,248,40
42,211,45
45,235,52
51,227,50
15,110,24
50,195,41
44,170,30
30,146,33
27,149,28
18,185,15
50,246,63
46,189,34
25,175,25
54,200,54
61,238,41
20,130,19
46,223,59
22,163,25
40,160,11
40,153,16
22,175,54
27,148,23
34,169,15
50,237,45
55,260,45
48,164,42
6,130,19
49,192,41
30,124,15
14,192,11
50,213,56
36,125,20
57,248,65
42,220,45
43,168,39
26,131,12
30,180,22
33,160,15
50,151,26
49,205,24
45,215,47
36,175,61
40,190,24
42,193,52
34,179,45
53,205,0
38,150,12
25,172,30
51,165,51
51,248,72
21,154,35
20,150,18
33,175,38
54,191,47
27,147,32
21,161,15
17,130,23
51,207,49
40,230,53
20,120,16
29,164,30
48,168,22
15,120,11
13,183,31
45,170,51
50,183,46
48,240,61
47,245,65
32,179,21
46,212,27
32,168,26
33,143,32
52,225,54
12,125,16
15,98,11
17,140,12
12,129,17
38,175,12
34,140,16
43,195,53
26,175,22
21,136,29
25,164,31
45,217,38
45,239,60
29,200,11
30,154,15
29,150,13
30,132,14
46,195,46
58,197,72
13,143,15
10,158,16
33,205,31
29,187,53
60,220,41
58,225,50
41,172,42
21,131,45
32,167,18
50,178,31
18,140,13
21,150,41
35,161,41
41,215,41
41,195,51
53,197,46
14,140,24
41,207,24
52,225,40
54,204,44
39,185,14
20,143,32
35,162,17
41,168,21
51,234,1
33,148,23
41,214,31
55,225,52
53,200,53
51,216,40
37,156,20
52,203,53
32,175,41
49,207,53
17,122,29
18,105,28
10,85,25
37,210,45
22,128,11
39,175,32
24,136,15
21,160,20
14,120,21
26,149,16
40,204,62
50,229,40
54,195,33
42,194,43
49,190,55
30,125,9
50,176,35
49,241,22
49,141,61
57,209,42
34,180,43
28,175,47
53,226,23
45,182,42
27,148,26
55,193,51
48,218,47
19,135,23
45,227,40
49,230,47
26,190,35
46,210,26
51,220,55
25,166,22
43,190,64
46,217,74
31,141,13
23,143,12
52,233,51
60,208,36
60,210,1
30,190,59
16,150,17
25,115,15
15,132,8
34,160,15
41,185,47
30,140,11
33,140,21
50,196,22
52,230,53
45,160,35
52,222,53
54,235,59
33,170,15
13,150,10
21,160,20
46,199,29
48,221,64
61,240,63
40,160,24
28,145,17
31,190,41
32,135,22
60,224,74
36,121,17
46,198,52
59,203,11
39,153,31
62,235,50
57,206,44
25,135,11
28,195,34
35,137,13
47,198,39
28,163,17
29,145,12
23,167,18
29,165,16
52,215,60
50,155,21
20,135,24
32,199,22
38,159,19
0,72,7
23,123,10
11,103,13
17,172,35
26,137,26
28,142,26
31,210,32
20,122,11
27,136,14
23,136,18
31,190,31
21,160,20
23,135,21
60,235,70
20,165,12
38,80,9
33,150,26
28,145,21
41,185,36
44,195,41
30,150,36
0,105,6
44,199,37
42,185,34
15,174,31
45,220,78
40,165,30
37,176,36
13,160,16
22,140,16
42,222,77
42,214,43
54,237,62
48,194,40
22,124,16
12,110,24
17,128,24
52,226,76
48,160,51
49,150,28
31,155,13
30,137,18
33,200,37
14,140,17
46,207,20
46,204,26
38,161,30
21,147,13
34,183,23
37,190,52
26,164,42
18,107,22
25,148,41
23,123,45
55,230,52
53,235,62
47,225,61
60,229,63
30,185,20
33,168,30
49,211,32
43,222,33
54,212,35
10,142,21
59,250,71
21,148,29
46,210,31
28,202,36
35,206,21
36,179,25
26,133,7
26,132,19
36,169,12
38,200,36
54,183,62
10,138,12
46,180,44
19,148,20
35,164,12
24,160,21
26,115,21
22,168,22
44,225,54
44,207,56
29,169,15
26,155,15
37,165,16
23,155,30
31,149,40
28,160,11
46,187,24
47,168,38
29,142,9
29,193,32
37,162,28
50,233,54
24,108,11
45,230,65
30,135,20
25,160,16
37,180,57
49,250,65
12,118,35
17,125,24
20,165,25
29,173,20
45,45,45
26,165,20
22,207,30
54,210,71
51,195,71
46,204,34
28,163,27
19,128,25
30,140,24
22,106,22
23,155,41
22,179,30
21,140,20
54,235,61
25,137,18
51,222,32
57,218,65
27,134,40
49,205,52
56,240,52
61,238,56
29,145,21
22,160,1
47,238,56
26,127,12
17,120,16
19,135,26
31,155,17
33,158,32
58,185,62
42,170,78
27,169,22
40,198,25
55,258,46
28,145,51
37,167,41
21,156,26
9,73,1
60,249,71
61,232,72
50,185,53
44,213,10
25,210,72
62,226,70
23,88,10
39,167,16
22,130,10
13,98,9
51,205,5
47,187,41
45,202,54
29,207,64
16,135,23
11,130,22
32,147,20
23,148,11
41,195,56
21,200,64
38,160,13
16,110,13
42,150,26
37,200,75
34,170,28
45,183,31
54,190,31
3,65,6
44,205,39
47,190,44
35,177,19
56,240,78
48,152,40
30,167,15
47,242,41
48,200,46
42,235,71
60,244,42
17,111,13
46,240,44
5,195,53
47,153,26
44,240,45
37,205,76
40,194,36
49,202,51
48,230,62
21,142,9
24,178,17
15,130,13
36,195,33
48,245,53
57,230,56
17,105,25
17,125,8
40,185,31
25,150,35
32,209,54
38,205,56
19,144,12
22,202,54
22,127,11
43,220,71
46,168,31
30,167,31
49,205,71
11,100,26
58,220,52
48,237,71
31,160,32
30,165,16
16,155,18
41,205,26
53,207,76
38,181,24
24,150,14
28,138,11
42,200,32
49,235,45
24,141,20
28,145,17
51,225,51
28,119,17
43,190,31
25,153,16
34,185,24
20,130,12
37,185,30
41,205,19
19,120,8
40,165,11
19,165,20
47,198,45
12,135,14
29,115,18
28,124,18
17,131,15
32,184,28
26,200,34
36,222,64
20,135,15
48,234,65
34,195,50
30,161,18
32,172,27
30,149,42
51,175,27
30,143,44
19,150,23
26,190,42
18,100,11
54,225,51
16,103,15
16,110,14
46,200,40
23,130,18
40,230,48
50,187,30
42,200,23
53,225,42
26,152,18
22,145,21
58,230,52
11,110,10
32,157,20
25,134,21
23,175,21
16,148,31
30,185,29
32,155,27
52,210,46
43,210,30
20,160,16
20,130,18
24,139,33
46,230,43
49,230,68
43,183,34
15,130,35
17,151,12
17,136,22
5,105,11
20,143,21
27,145,44
11,88,12
22,201,41
24,172,37
27,146,52
26,169,26
30,163,37
47,215,38
40,156,41
26,150,22
12,121,17
27,186,24
58,240,55
28,195,31
65,230,59
29,174,16
33,165,23
40,203,63
17,155,25
48,183,41
31,136,27
23,130,12
19,120,10
33,145,17
27,114,28
26,117,30
18,120,11
20,130,12
20,155,13
50,213,40
22,130,18
16,156,10
54,215,51
27,162,51
26,160,40
25,151,29
23,163,27
25,193,25
27,171,22
47,210,48
16,101,10
25,140,28
14,117,8
25,142,9
25,130,22
53,185,28
56,175,17
37,165,42
20,136,15
38,145,20
62,245,61
21,120,42
44,233,44
37,190,22
21,170,20
27,174,36
24,150,24
22,115,17
20,155,16
22,162,10
23,150,16
50,260,59
44,210,46
44,190,30
50,227,49
21,125,12
27,195,31
26,155,22
26,150,20
50,205,51
58,248,71
57,195,53
38,182,51
28,163,33
10,194,36
45,218,61
41,155,18
21,110,20
25,150,25
24,169,11
12,144,10
16,105,18
35,170,20
56,225,50
53,210,25
24,135,28
23,140,21
21,144,22
54,220,60
34,170,50
24,141,27
50,225,46
33,190,33
32,178,26
43,230,38
31,205,37
46,193,31
57,245,74
43,215,28
33,130,28
33,130,21
56,215,67
14,115,12
26,127,18
51,202,51
30,124,16
58,232,59
23,140,27
33,123,29
35,210,31
16,160,11
19,100,18
40,193,29
40,135,25
15,145,13
69,219,76
31,167,28
34,170,52
32,175,54
58,215,55
26,83,10
41,170,48
24,175,34
23,185,22
40,180,20
34,170,17
23,152,16
41,184,8
39,174,30
15,120,25
28,146,18
23,115,16
12,131,8
25,186,46
34,220,43
20,136,15
18,136,18
11,134,14
38,170,25
24,189,22
53,240,25
26,175,16
36,183,32
18,137,33
54,223,43
43,202,49
50,213,64
34,155,13
47,189,29
33,185,16
20,145,26
29,180,21
27,185,25
29,180,43
0,83,23
17,126,29
20,130,11
20,180,30
36,164,27
26,147,17
26,157,21
55,235,57
25,164,15
54,190,20
30,130,14
34,170,20
58,240,50
26,154,11
34,145,20
33,163,17
30,170,27
40,183,34
29,156,21
53,240,72
45,185,16
20,126,14
7,101,7
52,193,33
29,165,12
53,220,74
64,230,51
56,215,31
47,245,34
32,176,51
25,135,16
24,193,14
64,242,72
28,153,26
25,145,20
17,125,16
39,203,31
43,205,73
42,181,67
27,116,18
49,220,71
54,225,61
44,201,27
18,131,22
24,135,30
30,164,29
21,174,26
24,127,16
35,180,16
25,140,17
38,200,42
37,190,50
34,200,37
1,215,1
58,211,63
49,210,65
27,145,27
22,135,16
29,85,28
16,131,16
26,160,35
10,163,25
30,155,23
33,166,20
32,225,34
46,202,56
53,224,40
25,165,33
29,176,47
43,181,36
47,181,41
46,201,59
44,240,20
50,212,62
24,160,21
47,160,51
42,200,46
26,165,16
42,195,31
40,207,37
16,110,21
18,110,11
38,265,42
53,230,52
49,230,27
49,180,46
21,175,18
36,192,15
44,242,60
37,221,41
27,175,21
27,205,21
34,208,55
24,155,23
6,120,22
10,120,12
18,125,17
15,145,23
18,110,22
36,210,23
11,112,14
31,174,27
46,160,71
15,163,13
27,170,30
56,246,72
18,115,11
26,145,36
30,153,26
36,209,21
50,228,13
33,157,23
32,145,15
58,231,76
54,220,60
24,168,17
11,147,20
30,155,28
37,185,15
16,145,16
46,240,62
30,172,12
39,170,16
49,235,32
46,214,38
24,143,20
36,160,13
25,122,13
49,240,49
44,174,30
48,232,21
49,215,76
26,128,17
3,148,10
52,225,72
28,181,35
60,243,53
7,158,35
49,197,58
58,230,74
53,194,34
62,227,71
50,191,71
53,225,52
14,120,14
20,120,13
43,240,70
59,207,71
43,190,27
26,155,10
15,140,21
52,210,31
55,173,30
60,242,40
61,228,72
20,155,13
44,174,60
33,185,19
37,148,31
55,205,72
56,275,25
42,160,21
23,115,25
48,206,37
29,165,29
31,190,25
22,130,13
43,185,10
21,150,28
48,186,31
15,99,14
13,101,13
19,130,15
49,245,49
49,212,31
29,188,44
15,135,7
28,175,70
49,170,51
13,155,6
31,175,33
30,183,23
35,195,51
9,165,13
67,245,45
42,170,36
40,203,45
53,230,75
35,209,60
54,205,52
41,195,31
23,140,15
15,132,26
23,151,18
31,185,24
15,175,30
36,213,17
29,177,26
41,173,16
29,176,20
23,145,21
50,180,21
58,213,37
56,207,72
29,205,31
55,195,31
42,200,42
47,211,57
34,170,28
10,98,11
29,150,28
44,189,33
16,126,10
21,150,18
21,130,17
53,223,45
24,155,20
36,158,16
18,160,18
41,186,41
19,148,18
50,225,55
34,170,28
42,226,67
40,211,33
48,200,55
6,110,15
58,217,77
32,184,18
22,170,26
12,181,17
24,179,8
50,240,74
59,245,52
28,140,34
37,205,64
22,155,14
20,100,21
32,180,32
21,140,23
23,200,30
15,170,16
25,175,43
18,170,23
62,238,42
20,116,14
45,218,37
43,195,37
25,130,12
25,127,12
35,236,38
20,111,13
34,220,56
34,190,24
24,157,26
54,147,26
42,165,38
27,173,28
28,146,16
49,203,28
40,190,28
59,240,49
13,155,27
15,132,40
4,170,9
54,193,31
32,145,21
41,155,21
35,145,21
39,215,57
23,146,15
54,254,75
28,160,13
31,100,13
26,124,18
54,200,41
37,205,26
31,162,21
18,160,21
32,170,18
18,130,20
26,175,30
25,139,23
28,180,45
27,150,15
39,175,50
46,238,30
28,156,33
15,105,9
25,132,16
28,166,37
44,195,40
14,196,41
22,125,18
14,103,21
40,188,31
40,142,14
45,179,30
16,120,46
30,155,24
35,190,16
41,250,56
41,210,37
53,235,76
36,165,15
24,146,36
38,205,45
29,183,50
15,140,16
27,116,43
24,143,21
31,155,21
28,170,35
62,208,46
41,181,47
48,190,69
24,153,30
50,190,33
33,173,18
48,223,42
31,106,16
36,227,34
31,204,60
28,155,19
40,230,52
39,154,40
49,185,55
62,246,61
54,225,32
28,190,41
29,185,60
1,165,23
50,210,51
47,222,44
60,257,49
60,257,50
60,240,72
23,137,36
26,160,31
38,155,24
23,119,19
23,154,20
62,235,72
15,185,15
37,190,55
29,148,19
15,114,19
31,193,26
39,215,61
57,225,21
10,140,10
21,143,15
38,219,36
15,143,21
34,196,31
32,159,16
26,194,31
38,227,47
23,160,18
30,189,27
22,169,26
53,228,42
19,175,25
33,115,16
40,145,51
50,192,51
34,149,36
24,142,22
25,191,15
35,225,30
33,170,50
22,153,25
20,143,20
14,195,15
43,228,75
34,250,62
46,235,41
16,163,18
37,224,54
19,185,36
22,145,32
14,154,13
32,195,40
14,120,20
31,153,19
17,150,15
26,173,21
30,175,35
46,225,60
39,214,62
35,187,56
46,211,51
19,154,25
25,189,17
26,160,22
59,250,62
58,210,43
32,209,71
20,115,21
59,203,42
52,230,31
51,215,30
56,210,31
47,195,42
50,270,71
40,207,56
31,175,34
46,195,52
57,256,50
48,205,49
39,190,25
19,154,19
27,160,23
20,144,19
43,122,19
34,175,61
40,174,13
42,175,22
20,185,71
29,200,51
30,199,24
39,208,4
23,195,30
25,175,25
40,155,31
44,230,61
35,230,35
50,240,27
33,200,49
34,193,38
42,195,31
18,140,20
61,256,71
21,185,20
29,182,16
29,140,22
33,210,65
48,225,55
30,175,23
12,109,10
34,164,27
23,97,27
52,208,72
51,171,50
57,235,73
52,250,25
44,235,12
12,143,30
34,148,22
41,226,50
27,173,25
42,235,60
61,220,54
26,157,40
38,155,46
44,220,56
37,161,41
14,135,12
40,232,41
43,211,24
27,151,24
33,207,41
45,192,32
31,191,48
28,130,31
51,215,70
65,215,75
45,238,60
35,150,14
30,155,20
29,155,28
47,181,28
61,225,66
56,210,62
23,150,31
59,220,63
21,110,14
51,216,50
21,144,14
33,134,14
15,125,10
44,190,51
47,210,12
60,240,66
50,220,71
48,250,74
10,144,1
22,119,18
18,225,51
45,192,46
49,237,61
41,217,21
20,155,34
37,146,21
55,204,57
60,206,33
31,180,26
19,120,11
26,170,22
17,105,15
24,180,21
31,190,30
23,140,16
32,180,25
21,135,19
54,255,53
53,215,64
13,105,12
19,115,15
23,115,13
28,204,20
16,155,14
33,165,30
8,100,12
20,135,21
14,123,15
29,135,13
29,140,17
22,143,11
24,145,16
24,135,19
22,150,31
30,201,61
54,244,72
50,204,38
45,211,55
25,165,51
47,205,54
19,130,24
37,215,43
30,185,22
29,190,27
36,138,21
17,170,12
49,219,47
32,165,21
16,109,10
37,183,26
5,95,8
51,231,54
55,161,33
38,180,35
17,167,12
20,145,15
24,173,53
50,237,31
42,206,20
19,140,36
51,220,51
37,175,50
16,95,11
21,150,23
43,235,46
42,154,21
12,130,19
28,155,13
35,210,41
10,120,20
24,150,16
44,190,31
12,148,18
48,249,63
38,132,17
40,186,40
16,125,21
36,200,25
50,240,40
22,155,15
40,203,21
34,203,27
32,245,62
50,225,77
30,190,27
22,158,30
51,236,62
23,158,21
44,245,60
29,202,25
45,213,51
18,167,36
41,168,21
30,195,20
23,160,32
32,155,31
43,210,58
52,223,53
18,118,11
58,237,72
20,159,18
20,180,11
28,138,26
50,200,36
40,180,25
33,230,50
35,221,48
51,224,53
34,205,52
20,202,20
32,217,59
42,185,30
40,212,41
16,119,21
34,195,16
49,231,73
21,118,14
22,120,13
49,170,63
8,113,13
9,113,8
38,178,41
52,242,46
16,100,20
53,220,75
39,190,46
42,205,71
23,152,20
59,274,70
10,107,13
37,200,66
27,160,15
46,190,43
20,122,11
51,197,71
21,110,17
44,220,31
39,195,41
25,185,14
57,220,50
27,195,31
42,250,44
18,180,25
55,250,72
33,152,28
49,253,30
33,135,31
50,249,70
27,150,31
17,120,14
56,239,56
58,210,72
48,210,43
45,205,68
56,192,31
43,160,44
16,140,20
58,232,68
49,225,40
32,167,41
67,252,74
22,133,31
52,246,50
15,132,31
29,202,40
41,212,32
17,163,31
24,125,21
35,215,31
30,170,25
20,109,7
54,240,71
24,137,23
51,240,79
45,268,40
59,240,24
21,130,24
20,155,17
7,100,11
21,93,35
26,210,61
26,195,20
50,220,42
16,150,14
19,105,8
24,154,21
13,116,32
22,130,24
48,215,42
39,234,56
42,230,63
59,253,71
58,229,44
41,190,29
42,227,56
42,190,34
35,199,61
44,143,21
11,130,26
11,120,11
5,110,11
21,125,28
65,229,52
43,215,72
27,159,13
52,197,45
51,215,25
26,100,14
30,204,2
40,198,33
39,191,36
45,230,42
28,175,41
57,220,70
52,200,48
41,235,40
36,140,20
25,125,12
42,175,28
34,195,30
27,167,13
33,140,24
63,245,75
33,245,23
39,185,23
20,90,13
28,170,21
51,170,53
42,175,38
57,205,50
24,158,21
22,120,15
47,190,49
56,203,61
22,178,9
21,155,18
43,249,45
16,121,11
50,240,72
8,99,9
28,125,22
45,195,51
62,237,71
45,235,75
43,157,51
39,210,69
49,205,58
51,210,66
52,260,53
23,137,15
18,125,27
34,190,46
19,160,21
58,232,71
26,144,26
25,156,29
45,207,43
47,227,45
38,190,33
22,113,26
10,115,11
24,171,15
29,159,28
65,220,72
21,143,10
12,132,23
41,140,14
26,130,14
17,107,11
42,195,41
15,150,24
46,212,40
43,210,39
49,205,22
21,110,25
30,168,28
42,225,71
52,198,50
59,206,26
37,180,21
55,228,57
36,185,50
19,150,15
53,140,38
19,135,21
20,120,22
29,165,18
20,135,11
26,148,9
58,209,45
17,110,17
40,189,35
51,200,32
29,160,30
10,140,35
45,210,60
29,170,37
63,215,51
43,210,73
32,177,37
26,183,43
34,187,31
31,165,32
62,220,68
33,183,64
50,242,61
59,200,42
28,120,12
24,130,11
18,150,8
40,125,22
25,141,13
17,123,12
50,220,54
23,115,25
40,205,43
32,162,20
60,237,51
22,140,21
35,183,36
29,160,31
45,200,70
30,195,31
28,180,20
25,136,11
22,130,11
38,169,21
39,152,15
17,124,26
17,120,25
34,183,28
52,205,61
31,165,10
25,140,10
20,145,25
36,196,35
22,130,13
42,179,30
41,182,22
30,146,20
31,154,35
15,110,15
18,168,12
18,109,11
38,190,50
46,180,22
26,130,21
49,205,41
43,205,43
34,170,21
11,137,24
22,115,20
23,138,13
32,180,21
36,150,37
40,204,55
20,115,13
38,180,32
36,195,40
24,165,16
13,149,14
23,140,15
29,130,20
47,150,26
23,140,30
12,132,13
52,230,62
29,143,14
20,127,14
22,155,21
40,200,24
55,210,12
38,188,51
48,190,75
48,220,60
39,180,44
28,137,34
20,168,13
58,250,71
38,200,33
44,221,56
30,207,50
41,200,31
62,242,62
64,215,62
48,232,73
35,235,35
34,130,24
15,150,13
35,182,41
23,167,26
30,167,43
45,190,51
20,155,19
20,100,0
18,115,10
15,125,16
26,125,19
40,170,20
51,190,66
44,217,26
20,165,18
35,199,51
28,143,21
10,89,11
59,235,67
50,221,70
54,220,30
25,120,18
41,240,75
45,182,34
14,115,12
15,150,14
14,130,13
30,180,26
20,151,27
51,185,36
57,243,60
7,130,28
40,200,30
42,255,30
47,210,65
51,235,72
14,149,18
22,130,12
40,220,46
41,140,33
44,183,33
23,116,12
49,195,33
38,190,47
24,163,38
25,190,25
16,100,10
17,145,11
41,185,37
16,110,14
25,125,10
46,227,57
62,242,41
65,260,52
62,223,64
19,97,21
33,180,48
19,152,12
55,265,42
37,175,23
21,215,36
10,136,11
61,240,56
34,215,36
25,200,44
14,128,14
42,192,40
8,149,16
42,175,45
16,130,14
17,115,16
58,220,71
58,210,61
56,215,40
42,195,56
32,174,26
35,141,24
53,225,52
53,270,32
23,145,13
53,205,31
10,149,17
26,132,21
42,200,20
52,205,46
47,212,45
30,173,41
35,215,60
61,243,52
38,212,19
44,195,29
22,112,22
40,230,47
44,231,32
62,223,50
16,120,29
43,235,64
56,223,28
25,150,44
40,185,68
41,202,51
15,130,19
15,146,29
35,172,26
21,158,10
17,115,16
47,227,57
11,105,12
24,140,14
40,208,41
26,168,14
22,150,15
29,145,22
28,155,15
42,210,38
43,195,40
27,162,27
49,240,62
48,235,47
10,130,8
32,127,21
52,199,71
48,201,47
60,231,61
51,230,47
32,152,21
38,183,20
53,222,61
10,95,8
37,194,18
57,180,74
19,154,17
47,276,71
54,184,17
58,218,70
58,203,43
55,215,25
55,224,38
10,174,15
36,115,28
62,270,61
52,218,36
55,225,62
57,198,31
60,240,71
17,101,10
35,162,37
39,111,20
60,214,46
20,106,10
54,225,43
10,213,21
45,140,19
27,139,12
50,155,10
51,200,34
28,85,8
58,191,62
22,116,10
51,205,22
51,190,31
49,218,29
39,179,44
20,134,13
31,156,31
55,277,45
52,214,36
48,163,27
58,252,72
55,230,42
48,203,71
32,201,21
23,103,5
32,169,20
46,171,47
56,181,23
57,252,75
45,195,11
55,210,49
44,170,24
43,195,34
54,255,46
49,188,16
44,213,50
40,135,26
45,160,24
35,106,16
42,205,42
43,185,42
64,253,50
31,168,18
32,147,11
47,150,20
30,180,24
34,126,14
50,140,41
40,170,30
41,150,24
36,156,18
46,160,22
50,160,61
24,155,14
61,225,43
25,153,23
54,171,41
53,221,64
42,163,18
45,165,20
44,120,18
65,267,56
57,252,31
39,220,31
56,180,33
61,210,66
47,193,56
32,194,15
44,166,10
33,160,16
39,141,21
57,240,21
49,245,62
54,246,20
46,239,71
38,225,31
42,174,32
23,220,11
42,195,20
43,182,28
35,149,32
27,110,16
33,119,18
50,165,32
32,141,16
51,175,14
30,184,13
25,153,38
35,178,30
49,238,49
28,113,10
52,150,14
44,165,20
47,157,24
53,214,14
55,210,72
52,190,32
42,219,35
55,258,71
53,241,35
44,210,24
56,205,36
58,181,18
48,163,36
24,167,13
29,204,20
13,160,7
33,128,18
55,205,44
59,237,51
47,180,26
51,193,31
54,242,39
44,178,20
49,245,51
67,253,70
44,162,22
50,218,46
34,148,20
26,180,14
60,272,71
36,117,16
41,170,32
45,175,8
51,221,20
50,210,14
32,170,26
43,184,24
42,198,35
25,149,15
61,240,59
28,140,12
33,144,14
31,122,12
28,191,33
48,199,30
54,200,53
44,182,18
51,186,24
39,181,17
31,160,19
24,182,24
48,201,36
54,223,26
39,245,32
49,243,51
45,180,27
37,220,26
50,200,42
33,125,15
53,185,54
44,231,41
33,139,17
41,247,61
62,270,57
54,244,58
58,245,60
25,145,33
58,228,46
40,173,34
57,208,61
42,228,44
52,179,56
58,223,47
25,114,22
33,150,22
52,160,34
48,175,32
41,170,23
52,134,37
57,216,38
53,215,63
40,150,16
59,200,37
18,166,14
44,234,27
47,171,28
41,211,27
45,205,32
40,174,15
35,200,18
55,212,47
32,173,21
56,257,32
12,141,11
32,150,16
17,105,12
30,204,25
51,250,74
20,153,22
38,159,22
52,191,30
42,179,33
14,115,12
29,144,21
41,172,10
50,211,33
40,195,25
36,169,28
31,154,22
40,191,40
34,151,24
50,221,33
35,164,19
37,215,64
42,185,28
50,203,33
19,129,16
49,209,56
46,161,19
27,176,14
41,213,51
36,178,11
37,203,51
51,214,51
56,250,74
29,151,28
30,139,27
25,153,22
42,192,47
31,154,21
32,181,22
54,242,52
23,173,22
30,159,21
21,157,18
54,243,74
38,160,25
36,178,46
62,258,10
58,211,72
52,245,57
30,180,20
51,251,40
36,178,30
40,198,30
28,171,28
51,183,28
31,171,28
51,230,24
36,162,19
27,144,19
38,155,29
24,140,16
36,132,25
57,221,64
31,172,16
23,134,13
33,181,44
27,118,15
21,152,12
33,157,21
57,197,51
31,138,28
49,212,37
37,169,23
26,143,14
21,100,17
33,140,50
56,185,51
54,201,46
56,250,52
9,113,12
49,228,52
5,201,47
20,146,24
43,230,26
36,180,21
40,169,41
35,205,64
50,190,24
50,212,31
33,135,21
34,180,28
48,208,71
50,235,35
14,158,23
53,259,61
43,183,21
53,185,47
50,210,32
54,200,42
50,200,42
51,210,32
59,220,64
51,215,31
33,115,16
32,121,8
57,245,58
38,131,16
41,156,16
30,105,12
40,160,14
42,161,27
50,248,68
40,146,15
30,117,15
20,115,6
51,246,25
47,209,42
50,214,35
48,206,52
29,140,16
51,195,22
38,200,30
37,159,28
30,140,20
29,155,10
50,185,31
35,175,40
26,125,20
34,160,31
22,138,25
49,201,68
12,114,13
11,126,8
41,198,28
34,135,22
43,170,40
48,121,22
32,128,10
40,180,43
57,200,70
21,125,2
54,200,54
20,110,23
44,125,24
52,180,16
40,155,17
50,144,20
38,174,36
50,147,25
23,144,13
37,184,26
27,180,19
26,105,14
55,135,12
38,150,14
56,230,42
57,184,12
24,111,13
32,90,12
50,160,34
30,200,30
54,145,56
39,120,40
58,220,73
19,130,19
52,225,40
34,160,27
38,185,41
50,240,51
59,220,35
36,155,16
50,175,36
50,180,40
47,200,27
60,240,74
47,200,60
25,140,11
16,155,10
42,190,30
33,150,20
36,130,15
50,200,19
30,175,37
22,130,15
30,190,23
58,200,44
47,225,51
42,121,30
35,173,33
25,170,17
11,105,12
37,170,30
29,125,42
38,150,28
37,190,18
26,150,18
51,255,20
30,210,10
20,120,2
51,255,60
12,145,10
23,120,10
30,170,40
32,170,20
60,200,47
64,270,70
24,160,16
55,140,28
25,155,22
64,225,44
27,145,17
52,174,35
47,224,51
24,140,10
40,185,51
34,160,31
32,150,16
23,125,14
19,100,16
49,195,70
53,165,24
48,170,20
22,113,12
23,109,12
32,220,70
22,105,14
30,185,22
47,170,41
38,170,23
37,180,14
26,122,14
53,160,41
43,168,30
26,145,28
26,120,19
20,142,14
26,130,12
26,190,18
42,147,16
45,225,70
43,186,48
43,169,25
36,170,13
24,121,18
23,150,18
25,140,14
14,109,12
50,183,60
43,210,33
51,185,42
28,190,12
40,155,15
53,235,71
16,180,30
15,150,13
36,170,37
32,165,20
56,200,65
12,150,20
50,224,39
40,137,22
52,210,24
40,200,54
28,135,14
21,145,10
30,160,14
45,135,22
32,200,19
24,145,19
9,120,14
30,200,51
35,200,54
20,112,6
15,110,14
43,150,32
48,200,33
36,160,17
37,175,58
5,180,2
27,165,14
18,110,20
25,115,25
38,185,41
15,108,8
53,168,39
28,150,21
24,105,12
4,130,13
26,150,15
25,160,13
27,95,24
51,191,22
50,200,31
38,134,22
30,194,40
45,175,28
53,175,61
54,204,32
21,137,15
22,117,12
24,115,9
35,145,14
32,180,40
16,125,19
10,90,20
55,210,43
20,85,13
53,170,46
28,102,24
44,170,14
30,120,10
18,121,13
47,150,15
54,235,30
52,200,41
40,157,51
51,215,36
46,182,51
51,225,52
22,160,21
51,175,27
56,230,44
31,151,21
53,245,51
55,231,75
36,128,18
14,140,24
38,157,12
32,137,21
33,116,16
43,178,51
50,168,41
41,155,31
50,169,12
54,180,28
44,156,42
17,145,24
1,120,21
38,210,43
17,142,16
36,175,32
22,135,11
53,162,24
36,199,45
27,145,21
29,170,15
45,242,60
55,152,42
51,196,61
21,128,17
11,138,6
59,203,52
47,141,14
34,149,16
40,160,31
35,160,39
46,205,21
52,224,72
37,115,12
35,178,11
34,131,16
37,145,18
24,144,16
58,157,24
29,83,14
25,133,21
28,138,22
27,136,24
23,112,21
36,175,43
38,175,23
52,180,18
43,168,53
30,125,12
47,175,30
55,230,71
42,200,57
54,190,51
51,180,24
58,239,72
50,195,55
34,129,16
26,148,25
58,210,73
50,202,19
46,185,31
34,100,21
31,162,20
39,137,16
25,126,11
37,150,28
38,149,16
22,138,14
33,170,32
32,217,36
53,208,35
28,125,16
42,160,22
51,185,42
49,165,39
30,185,38
31,140,35
17,154,15
13,100,12
37,154,23
50,166,23
37,140,28
59,215,63
34,153,38
33,135,18
33,145,42
34,171,40
34,120,18
39,190,31
30,144,21
29,210,41
29,156,31
33,194,23
22,144,16
51,210,54
48,210,51
58,240,41
39,170,42
45,181,31
55,202,62
42,186,38
47,217,51
20,95,22
58,245,51
29,140,31
52,255,72
34,160,27
58,270,46
40,153,26
59,253,53
35,175,23
50,230,70
51,185,46
22,155,30
51,225,51
48,200,33
42,131,29
49,245,51
54,180,35
25,210,45
30,160,20
49,200,51
30,216,38
39,209,46
39,158,33
50,142,25
51,245,64
24,128,25
33,180,31
24,112,12
53,192,71
17,91,10
56,215,44
28,140,21
35,150,35
39,154,24
51,210,45
24,186,28
23,158,76
43,197,31
42,180,28
30,140,16
56,180,31
56,230,71
52,209,62
34,162,38
1,245,72
47,208,51
56,182,53
38,175,28
54,191,22
21,95,20
24,115,12
45,203,46
18,125,15
13,128,17
25,149,13
44,205,60
37,156,41
53,224,74
46,209,32
29,123,21
53,190,32
25,180,26
29,185,51
25,130,26
60,250,76
31,160,22
27,165,26
63,255,58
24,150,31
38,170,32
59,195,46
23,110,10
49,170,20
50,180,51
42,145,26
56,240,78
25,138,13
53,220,55
42,163,26
52,187,48
59,200,48
35,123,22
32,180,69
53,259,77
26,155,24
51,230,21
30,163,6
44,190,51
35,215,48
34,145,22
32,130,21
37,169,22
57,257,38
25,120,12
54,170,53
56,245,53
13,100,26
53,216,58
53,170,32
43,185,30
40,165,21
39,155,15
33,170,28
41,200,28
24,124,8
37,140,12
17,99,12
48,190,41
39,200,35
37,150,23
43,255,11
63,255,63
54,205,21
60,230,75
20,125,12
26,157,19
26,121,15
40,185,25
35,175,27
45,213,76
58,198,64
24,142,27
51,210,51
47,155,43
16,220,1
44,178,38
53,255,51
38,155,28
30,175,17
22,140,16
47,202,47
43,179,16
50,175,42
57,205,52
39,130,16
55,245,56
30,140,28
37,169,34
23,150,34
50,180,35
18,145,5
41,242,17
44,160,24
44,211,49
38,140,12
43,170,21
37,165,26
48,175,32
64,240,50
46,200,61
51,177,30
43,192,41
20,130,16
30,165,19
61,220,76
56,230,66
31,140,42
43,185,53
48,220,53
38,210,26
54,185,31
37,170,21
24,242,62
44,165,28
55,205,61
54,210,11
28,150,21
22,147,29
33,155,36
46,181,12
21,120,18
27,195,22
31,130,28
19,103,14
45,170,32
45,162,36
20,120,16
18,130,15
37,105,18
44,135,6
40,174,22
50,187,55
51,240,51
53,200,48
37,180,21
28,135,29
21,135,13
28,125,32
30,131,21
53,205,60
31,200,20
55,240,49
22,115,15
56,195,5
51,260,78
28,145,21
49,160,11
50,160,20
30,131,16
40,140,21
33,135,28
40,170,28
42,135,16
36,145,21
44,175,11
50,235,46
50,185,28
45,167,35
54,140,46
45,190,47
38,145,17
41,145,24
31,157,24
50,188,40
59,220,11
45,200,44
61,235,41
61,250,75
55,210,17
41,205,36
31,140,22
54,155,27
45,155,21
27,177,19
36,205,20
39,207,65
44,205,31
46,240,11
45,220,15
56,160,11
1,220,51
50,190,37
35,165,20
39,205,7
36,135,31
38,180,16
36,145,23
27,160,6
29,180,31
45,200,41
41,140,18
56,152,36
36,187,20
46,140,30
48,169,36
34,150,22
39,139,18
49,231,63
48,145,20
47,145,31
53,170,18
57,195,27
54,200,17
23,115,16
31,135,16
32,160,15
51,190,27
58,215,20
15,98,2
25,125,15
40,175,23
31,136,18
59,230,43
53,215,44
16,230,44
38,215,37
41,185,25
15,128,18
57,235,61
35,208,11
37,207,46
36,129,21
47,210,17
51,250,61
31,170,15
63,210,50
44,155,18
45,190,31
45,175,33
52,140,32
47,166,24
28,120,5
33,130,11
50,230,61
51,210,66
32,143,19
27,203,30
52,225,53
49,225,42
47,170,42
33,150,15
35,167,16
50,210,41
24,123,22
23,130,25
27,150,21
28,172,31
50,190,46
42,150,41
48,160,26
22,145,19
26,132,14
51,215,31
30,155,24
44,150,34
47,140,46
48,238,54
33,203,32
33,160,19
22,135,28
41,230,13
24,120,15
60,260,76
50,143,20
50,190,34
38,155,17
28,120,21
53,203,36
49,205,51
42,150,34
37,165,42
36,185,32
39,240,31
40,160,28
28,175,31
34,125,27
29,162,22
42,220,55
12,240,60
29,145,24
22,170,21
29,111,18
56,195,53
48,171,26
59,190,41
49,220,7
52,215,75
20,129,23
47,155,32
53,260,71
58,210,44
61,245,75
